{"labels": [2, 2, 2, 13, 2, 2, 2, 2, 2, 2, 2, 2, 2, 2, 2, 56, 2, 2, 2, 2, 2, 2, 2, 2, 13, 2, 2, 2, 2, 2, 2, 2, 2, 2, 2, 2, 2, 2, 2, 0, 2, 2, 28, 2, 56, 7, 7, 0, 2, 2, 7, 2, 0, 2, 2, 2, 2], "scores": [0.988764762878418, 0.9871613383293152, 0.9832467436790466, 0.9778023958206177, 0.9713020324707031, 0.9678359627723694, 0.9594135284423828, 0.9592594504356384, 0.9568468928337097, 0.9510418176651001, 0.9459261298179626, 0.9440321922302246, 0.9331353902816772, 0.866435706615448, 0.826799213886261, 0.7777771353721619, 0.7537632584571838, 0.7164662480354309, 0.6011749505996704, 0.591805636882782, 0.554067850112915, 0.5433961153030396, 0.4767965078353882, 0.46135178208351135, 0.4167589843273163, 0.4008464515209198, 0.3431490957736969, 0.2881515920162201, 0.2611187696456909, 0.2584540545940399, 0.2560606896877289, 0.25582972168922424, 0.21056050062179565, 0.20399153232574463, 0.19737817347049713, 0.15011721849441528, 0.14837680757045746, 0.14767037332057953, 0.14185185730457306, 0.1354110687971115, 0.132650226354599, 0.1259172558784485, 0.11526166647672653, 0.11070692539215088, 0.10121311247348785, 0.09745069593191147, 0.09684091806411743, 0.08834496885538101, 0.08134936541318893, 0.07626998424530029, 0.07438401132822037, 0.07319510728120804, 0.07190168648958206, 0.06470774114131927, 0.06311094015836716, 0.05164271220564842, 0.05153780058026314], "bboxes": [[609.6494750976562, 113.8059310913086, 634.5119018554688, 136.95217895507812], [481.77264404296875, 110.48078155517578, 522.4612426757812, 130.40724182128906], [1.0171276330947876, 112.1440200805664, 60.428096771240234, 144.17234802246094], [219.2044219970703, 174.56240844726562, 460.1102294921875, 377.044677734375], [294.6252746582031, 117.03620147705078, 378.02294921875, 150.5509490966797], [396.3309020996094, 111.20355224609375, 432.49066162109375, 132.72940063476562], [590.9779052734375, 110.80230712890625, 615.4013671875, 126.49351501464844], [267.580078125, 105.68556213378906, 328.8174133300781, 128.2296142578125], [166.856201171875, 108.00686645507812, 219.09657287597656, 140.194091796875], [189.76683044433594, 109.80168151855469, 300.3092346191406, 153.78196716308594], [429.82421875, 105.65377807617188, 482.7383117675781, 132.37722778320312], [555.0020141601562, 109.78400421142578, 592.763427734375, 127.80870056152344], [59.679832458496094, 93.18193054199219, 83.45442962646484, 106.24272918701172], [97.84375762939453, 89.65436553955078, 118.17259216308594, 101.01209259033203], [143.89952087402344, 96.1875228881836, 164.6022491455078, 104.97950744628906], [372.6531066894531, 136.1428680419922, 432.0541076660156, 188.44671630859375], [85.59162902832031, 89.94480895996094, 98.89301300048828, 98.5280532836914], [97.82801055908203, 90.7438735961914, 110.2995834350586, 99.73809051513672], [223.57786560058594, 98.51821899414062, 249.84454345703125, 107.50970458984375], [168.92958068847656, 95.94805145263672, 182.84336853027344, 105.695556640625], [135.0208282470703, 90.8734130859375, 150.6085205078125, 102.79850769042969], [0.0, 111.52180480957031, 14.532190322875977, 125.85055541992188], [553.8973999023438, 116.17035675048828, 562.602294921875, 126.3893051147461], [375.8099670410156, 119.57939910888672, 382.3765869140625, 132.1146240234375], [372.0619812011719, 136.31527709960938, 432.1960754394531, 187.16757202148438], [137.92149353027344, 93.79598999023438, 154.49502563476562, 104.65958404541016], [555.0098266601562, 110.9522476196289, 574.9248657226562, 126.91185760498047], [554.0427856445312, 100.95892333984375, 561.2982177734375, 110.92681121826172], [614.742431640625, 101.9878158569336, 635.4832763671875, 112.5941162109375], [570.7599487304688, 109.67884826660156, 590.28857421875, 127.249267578125], [0.47820407152175903, 111.5691146850586, 22.498899459838867, 142.62380981445312], [375.0946350097656, 111.69723510742188, 420.5281982421875, 133.69198608398438], [262.7410888671875, 107.56340789794922, 326.767333984375, 143.92312622070312], [79.13020324707031, 90.37930297851562, 100.2489242553711, 101.08292388916016], [609.3135986328125, 113.30877685546875, 625.9627685546875, 125.34210968017578], [135.30422973632812, 92.37528228759766, 164.07958984375, 104.99227905273438], [67.3561019897461, 88.50123596191406, 82.98481750488281, 97.39408111572266], [540.8524169921875, 113.84898376464844, 561.855224609375, 126.19843292236328], [351.7340393066406, 109.4326171875, 439.30206298828125, 134.8196258544922], [375.34869384765625, 119.17225646972656, 381.9513244628906, 134.4610137939453], [96.3150405883789, 89.87727355957031, 153.2864227294922, 101.77637481689453], [45.45004653930664, 117.44615173339844, 61.89552307128906, 144.2738037109375], [91.32595825195312, 107.155029296875, 106.0300064086914, 119.77716827392578], [606.407958984375, 112.2149658203125, 618.9358520507812, 124.95712280273438], [218.3992156982422, 175.1378936767578, 462.1065368652344, 365.5400085449219], [188.19908142089844, 109.94440460205078, 300.46942138671875, 156.33534240722656], [427.75067138671875, 105.11618041992188, 483.45465087890625, 132.94322204589844], [532.362548828125, 109.5569076538086, 540.5264892578125, 125.22335815429688], [102.148193359375, 93.61465454101562, 141.0810546875, 101.59806823730469], [398.36468505859375, 112.08404541015625, 409.3897399902344, 132.89768981933594], [294.51324462890625, 117.64256286621094, 378.6300354003906, 150.46351623535156], [539.2457885742188, 112.39472198486328, 548.7560424804688, 121.9640884399414], [361.1239318847656, 109.04911804199219, 368.6248474121094, 122.48312377929688], [609.1585693359375, 104.01278686523438, 635.4725952148438, 126.77080535888672], [3.7604944705963135, 98.5714111328125, 74.58551025390625, 135.15505981445312], [168.16720581054688, 91.42872619628906, 220.26914978027344, 107.95516967773438], [70.97109985351562, 90.26901245117188, 105.39348602294922, 103.8271713256836]]}