{"lr": 0.009997995177323568, "data_time": 0.14354829788208007, "loss": 2.36374454498291, "decode.loss_ce": 1.6391252756118775, "decode.acc_seg": 66.9739761352539, "aux.loss_ce": 0.7246192216873169, "aux.acc_seg": 66.69547271728516, "time": 14.754080438613892, "iter": 10, "memory": 2733, "step": 10}
{"lr": 0.00999576754365263, "data_time": 0.16540277004241943, "loss": 1.2490944862365723, "decode.loss_ce": 0.7498744994401931, "decode.acc_seg": 84.56339263916016, "aux.loss_ce": 0.49921999871730804, "aux.acc_seg": 81.24989318847656, "time": 15.773348927497864, "iter": 20, "memory": 2731, "step": 20}
{"lr": 0.00999353985426229, "data_time": 0.1695863723754883, "loss": 1.16306272149086, "decode.loss_ce": 0.7724141001701355, "decode.acc_seg": 85.59430694580078, "aux.loss_ce": 0.39064860343933105, "aux.acc_seg": 76.3392562866211, "time": 15.973774933815003, "iter": 30, "memory": 2731, "step": 30}
{"lr": 0.009991312109137215, "data_time": 0.1693645238876343, "loss": 1.0029687941074372, "decode.loss_ce": 0.6487412333488465, "decode.acc_seg": 86.51302337646484, "aux.loss_ce": 0.3542275562882423, "aux.acc_seg": 78.09554290771484, "time": 16.08072166442871, "iter": 40, "memory": 2731, "step": 40}
{"lr": 0.009989084308262066, "data_time": 0.17453994750976562, "loss": 0.8695705235004425, "decode.loss_ce": 0.5938637554645538, "decode.acc_seg": 76.59558868408203, "aux.loss_ce": 0.27570677548646927, "aux.acc_seg": 74.64423370361328, "time": 16.092842149734498, "iter": 50, "memory": 2731, "step": 50}
{"lr": 0.009986856451621492, "data_time": 0.17061882019042968, "loss": 0.9107118427753449, "decode.loss_ce": 0.6310321241617203, "decode.acc_seg": 76.588134765625, "aux.loss_ce": 0.2796797141432762, "aux.acc_seg": 74.97998046875, "time": 16.074340629577637, "iter": 60, "memory": 2731, "step": 60}
{"lr": 0.009984628539200133, "data_time": 0.16935739517211915, "loss": 0.9537581920623779, "decode.loss_ce": 0.6616052508354187, "decode.acc_seg": 76.9666519165039, "aux.loss_ce": 0.2921529456973076, "aux.acc_seg": 74.34730529785156, "time": 16.111128997802734, "iter": 70, "memory": 2731, "step": 70}
{"lr": 0.00998240057098262, "data_time": 0.04473867416381836, "loss": 1.008493560552597, "decode.loss_ce": 0.6965306907892227, "decode.acc_seg": 83.34239959716797, "aux.loss_ce": 0.31196285635232923, "aux.acc_seg": 83.01602935791016, "time": 15.954232358932495, "iter": 80, "memory": 2731, "step": 80}
{"lr": 0.009980172546953579, "data_time": 0.017447733879089357, "loss": 0.8445088863372803, "decode.loss_ce": 0.5880569577217102, "decode.acc_seg": 77.19548797607422, "aux.loss_ce": 0.2564519301056862, "aux.acc_seg": 75.39202880859375, "time": 15.74330997467041, "iter": 90, "memory": 2731, "step": 90}
{"lr": 0.00997794446709763, "data_time": 0.018320655822753905, "loss": 0.8197581827640533, "decode.loss_ce": 0.5685250878334045, "decode.acc_seg": 70.39422607421875, "aux.loss_ce": 0.2512330889701843, "aux.acc_seg": 70.25502014160156, "time": 15.679294514656068, "iter": 100, "memory": 2731, "step": 100}
{"lr": 0.009975716331399381, "data_time": 0.021106624603271486, "loss": 0.9657892227172852, "decode.loss_ce": 0.6693552732467651, "decode.acc_seg": 70.47720336914062, "aux.loss_ce": 0.29643392711877825, "aux.acc_seg": 72.50505065917969, "time": 16.069622564315797, "iter": 110, "memory": 2731, "step": 110}
{"lr": 0.009973488139843433, "data_time": 0.02133321762084961, "loss": 0.8254058957099915, "decode.loss_ce": 0.5677077144384384, "decode.acc_seg": 76.01863861083984, "aux.loss_ce": 0.25769817680120466, "aux.acc_seg": 77.91263580322266, "time": 15.951689910888671, "iter": 120, "memory": 2731, "step": 120}
{"lr": 0.009971259892414373, "data_time": 0.02038722038269043, "loss": 0.8162972688674927, "decode.loss_ce": 0.5633985489606858, "decode.acc_seg": 80.37869262695312, "aux.loss_ce": 0.25289870947599413, "aux.acc_seg": 78.26229095458984, "time": 15.921668863296508, "iter": 130, "memory": 2731, "step": 130}
{"lr": 0.009969031589096794, "data_time": 0.02086026668548584, "loss": 0.872855469584465, "decode.loss_ce": 0.610204604268074, "decode.acc_seg": 64.95777893066406, "aux.loss_ce": 0.26265086233615875, "aux.acc_seg": 65.72416687011719, "time": 15.919450449943543, "iter": 140, "memory": 2731, "step": 140}
{"lr": 0.009966803229875268, "data_time": 0.02077507972717285, "loss": 0.7819446086883545, "decode.loss_ce": 0.5364867091178894, "decode.acc_seg": 78.71818542480469, "aux.loss_ce": 0.24545789510011673, "aux.acc_seg": 77.05768585205078, "time": 15.878615784645081, "iter": 150, "memory": 2731, "step": 150}
{"lr": 0.009964574814734365, "data_time": 0.01824674606323242, "loss": 0.9130256354808808, "decode.loss_ce": 0.6337879419326782, "decode.acc_seg": 79.19744110107422, "aux.loss_ce": 0.2792377039790154, "aux.acc_seg": 83.54169464111328, "time": 15.58432126045227, "iter": 160, "memory": 2731, "step": 160}
{"lr": 0.009962346343658644, "data_time": 0.017575454711914063, "loss": 0.7565566539764405, "decode.loss_ce": 0.512330049276352, "decode.acc_seg": 76.71949005126953, "aux.loss_ce": 0.2442265972495079, "aux.acc_seg": 76.2474594116211, "time": 15.724369525909424, "iter": 170, "memory": 2731, "step": 170}
{"lr": 0.009960117816632657, "data_time": 0.01934504508972168, "loss": 0.8456032276153564, "decode.loss_ce": 0.5893869042396546, "decode.acc_seg": 84.7607421875, "aux.loss_ce": 0.2562163233757019, "aux.acc_seg": 84.4180679321289, "time": 15.940951895713805, "iter": 180, "memory": 2731, "step": 180}
{"lr": 0.009957889233640951, "data_time": 0.020504689216613768, "loss": 0.7946796894073487, "decode.loss_ce": 0.5481286227703095, "decode.acc_seg": 78.56230163574219, "aux.loss_ce": 0.24655106663703918, "aux.acc_seg": 78.59497833251953, "time": 15.894402456283569, "iter": 190, "memory": 2731, "step": 190}
{"lr": 0.009955660594668054, "data_time": 0.019180989265441893, "loss": 0.728595182299614, "decode.loss_ce": 0.4967085123062134, "decode.acc_seg": 86.30162048339844, "aux.loss_ce": 0.2318866640329361, "aux.acc_seg": 83.49097442626953, "time": 15.796118927001952, "iter": 200, "memory": 2731, "step": 200}
{"aAcc": 82.71, "mIoU": 61.44, "mAcc": 72.91, "data_time": 0.00671252504095331, "time": 0.0688485932516885, "step": 200}
