{"labels": [2, 0, 2, 9, 2, 2, 2, 2, 2, 2, 9, 0, 2, 0, 0, 0, 9, 9, 2, 0, 0, 0, 2, 2, 2, 0, 2, 0, 9, 2, 0, 0, 26, 25, 0, 0, 0, 0, 0, 0, 0, 0, 2, 0, 0, 0, 2, 0, 0, 26, 0, 2, 0, 0, 0, 0, 0, 2, 0, 0, 11, 2, 0, 0, 9, 0, 0, 7, 9, 0, 0, 0, 0, 26, 0, 0, 2, 25, 0, 2, 0, 0, 0, 0, 2, 0, 0, 9, 7, 0, 3], "scores": [0.9923701286315918, 0.9900231957435608, 0.9852837324142456, 0.979421854019165, 0.976982593536377, 0.9751731157302856, 0.973460853099823, 0.9705142378807068, 0.9669719338417053, 0.9644248485565186, 0.9567135572433472, 0.9520847201347351, 0.9480886459350586, 0.9376404881477356, 0.923593282699585, 0.9199699759483337, 0.910783052444458, 0.9021864533424377, 0.8638181686401367, 0.8562911152839661, 0.8282497525215149, 0.7988744974136353, 0.7674691081047058, 0.7589473128318787, 0.7560765147209167, 0.7522017955780029, 0.6915658712387085, 0.658145546913147, 0.6059086322784424, 0.5990538597106934, 0.5962499976158142, 0.5847074389457703, 0.5414649844169617, 0.5197649002075195, 0.4876767694950104, 0.45814454555511475, 0.40609297156333923, 0.3818759322166443, 0.373924195766449, 0.36816978454589844, 0.36569905281066895, 0.33416691422462463, 0.32560768723487854, 0.3114593029022217, 0.3094290792942047, 0.30680742859840393, 0.28797081112861633, 0.28142571449279785, 0.2790875732898712, 0.27558350563049316, 0.2715543508529663, 0.25496935844421387, 0.2480400800704956, 0.24475513398647308, 0.2267933040857315, 0.2157953828573227, 0.2074163854122162, 0.20341002941131592, 0.20216456055641174, 0.18804703652858734, 0.1866084188222885, 0.18418435752391815, 0.18197089433670044, 0.1620268076658249, 0.13923461735248566, 0.1325903832912445, 0.12599125504493713, 0.11709780246019363, 0.10477375239133835, 0.09959431737661362, 0.09838263690471649, 0.09461049735546112, 0.08722265064716339, 0.08123689144849777, 0.08091844618320465, 0.07570277899503708, 0.07357555627822876, 0.07139089703559875, 0.06725612282752991, 0.06533504277467728, 0.06480805575847626, 0.06458617001771927, 0.0633634626865387, 0.06203296035528183, 0.058344293385744095, 0.056781474500894547, 0.05607900768518448, 0.055636316537857056, 0.054936036467552185, 0.05488438904285431, 0.05084379389882088], "bboxes": [[731.9461669921875, 376.228515625, 799.4461059570312, 438.419677734375], [350.9317932128906, 360.4638366699219, 371.5589599609375, 400.8000183105469], [648.7547607421875, 361.74346923828125, 737.7695922851562, 423.00341796875], [311.43695068359375, 264.45965576171875, 323.31842041015625, 288.14666748046875], [533.2969970703125, 371.41046142578125, 571.3114013671875, 394.93060302734375], [513.3407592773438, 368.54547119140625, 540.6006469726562, 391.3547058105469], [376.5597839355469, 366.6511535644531, 411.9195556640625, 393.2298278808594], [608.5868530273438, 360.9970703125, 663.56103515625, 412.2234191894531], [332.0887451171875, 366.98834228515625, 357.4198303222656, 390.905517578125], [431.5274353027344, 365.1915283203125, 466.1646728515625, 394.0519104003906], [184.60423278808594, 258.10235595703125, 199.02479553222656, 283.79241943359375], [53.95103073120117, 359.9810485839844, 74.27727508544922, 411.7879333496094], [290.2178955078125, 362.85693359375, 328.6601867675781, 394.7085266113281], [194.3985595703125, 363.1662292480469, 207.66786193847656, 396.0066223144531], [3.7167043685913086, 365.91790771484375, 21.901628494262695, 417.92816162109375], [23.31719970703125, 360.0997009277344, 43.603851318359375, 421.26287841796875], [207.75497436523438, 284.023193359375, 218.5933837890625, 303.7814025878906], [521.014892578125, 267.971923828125, 531.0884399414062, 289.9118957519531], [498.8163757324219, 366.7850646972656, 518.4036254882812, 388.0457763671875], [261.88348388671875, 365.806640625, 275.14837646484375, 395.64239501953125], [74.5848388671875, 356.7056884765625, 89.21095275878906, 395.42071533203125], [752.2476196289062, 361.39013671875, 764.6242065429688, 377.400390625], [497.72357177734375, 368.2190246582031, 508.0550537109375, 386.80426025390625], [415.1963806152344, 366.23712158203125, 432.7598876953125, 379.84033203125], [507.5373229980469, 368.4246826171875, 521.2061767578125, 389.408203125], [144.8509521484375, 362.5557861328125, 157.24607849121094, 399.52850341796875], [483.10345458984375, 366.7016296386719, 500.4787902832031, 384.076416015625], [135.8948211669922, 357.7657775878906, 146.3832550048828, 394.2054748535156], [300.4978942871094, 261.9201354980469, 313.151123046875, 287.05194091796875], [463.94073486328125, 366.4680480957031, 482.35296630859375, 380.8223571777344], [714.5104370117188, 359.79522705078125, 727.42578125, 378.7878112792969], [156.94961547851562, 366.78399658203125, 166.55374145507812, 400.3521423339844], [33.719947814941406, 382.3458557128906, 46.193153381347656, 399.98626708984375], [48.84941864013672, 330.6960754394531, 72.13101959228516, 346.22772216796875], [176.07972717285156, 360.09527587890625, 195.7646942138672, 402.53765869140625], [109.47320556640625, 357.37493896484375, 121.81018829345703, 386.9510192871094], [164.7924041748047, 364.2825927734375, 177.27056884765625, 401.1626281738281], [0.0, 356.65777587890625, 8.897812843322754, 405.7296142578125], [246.4693145751953, 363.263671875, 253.85536193847656, 389.9711608886719], [781.3223266601562, 357.8127746582031, 791.8463134765625, 378.85650634765625], [83.48052978515625, 357.0063781738281, 94.77743530273438, 394.7974548339844], [176.317626953125, 360.1907958984375, 185.76361083984375, 401.75848388671875], [531.1162719726562, 369.53656005859375, 543.1328735351562, 393.0348205566406], [191.19674682617188, 361.7352600097656, 199.17080688476562, 394.2511291503906], [768.4860229492188, 364.4952697753906, 779.2374877929688, 378.04498291015625], [254.44723510742188, 362.9981994628906, 263.6674499511719, 381.4931640625], [326.2952880859375, 365.656005859375, 342.7377014160156, 382.36212158203125], [206.51705932617188, 355.1971435546875, 215.14109802246094, 392.63018798828125], [741.9756469726562, 364.3782958984375, 749.813232421875, 383.4726257324219], [44.84809875488281, 384.2877502441406, 55.20951843261719, 399.97137451171875], [185.24172973632812, 362.97003173828125, 196.21951293945312, 399.80938720703125], [606.1978759765625, 362.85394287109375, 636.2593994140625, 408.45513916015625], [166.41653442382812, 361.64947509765625, 190.4783935546875, 401.9419250488281], [137.67918395996094, 350.88043212890625, 148.58438110351562, 364.9724426269531], [241.21249389648438, 360.6717834472656, 250.1765899658203, 393.1919860839844], [156.87155151367188, 362.1419372558594, 173.58172607421875, 401.8042907714844], [153.7713623046875, 361.9771728515625, 162.62413024902344, 399.8200378417969], [502.63330078125, 363.72906494140625, 531.448486328125, 389.1871032714844], [65.23658752441406, 359.52471923828125, 76.75473022460938, 406.24932861328125], [563.1460571289062, 362.65643310546875, 573.3570556640625, 379.2693176269531], [599.9324951171875, 198.18267822265625, 610.9251098632812, 232.85122680664062], [590.8134765625, 373.26348876953125, 606.79833984375, 396.2940673828125], [148.62167358398438, 362.8131103515625, 168.4347686767578, 401.1013488769531], [3.2762157917022705, 360.9572448730469, 56.305423736572266, 416.998779296875], [679.8731689453125, 332.691162109375, 696.6731567382812, 346.2503356933594], [204.5865478515625, 359.161865234375, 211.5805206298828, 394.0937194824219], [52.51922607421875, 362.4100341796875, 66.20832061767578, 407.89501953125], [289.7172546386719, 362.61920166015625, 328.9672546386719, 395.3769836425781], [299.42547607421875, 260.7798767089844, 323.4160461425781, 289.6444091796875], [101.01683044433594, 357.61492919921875, 213.03578186035156, 397.2271423339844], [75.54788970947266, 357.8326110839844, 87.25953674316406, 379.3595275878906], [774.7510986328125, 362.3816223144531, 786.687255859375, 378.0817565917969], [119.93285369873047, 355.1206970214844, 139.91099548339844, 393.42877197265625], [26.07792854309082, 378.9666442871094, 43.63844680786133, 399.2807922363281], [213.94631958007812, 