{"labels": [14, 33, 14, 47, 23, 14, 25, 46, 11, 14, 14, 14, 14, 79, 4, 46, 14, 14], "scores": [0.9441697001457214, 0.22357381880283356, 0.19985680282115936, 0.18449583649635315, 0.1387181282043457, 0.09992028772830963, 0.09822379797697067, 0.09660321474075317, 0.08552549034357071, 0.08311037719249725, 0.08051974326372147, 0.07294614613056183, 0.0684734359383583, 0.06640475243330002, 0.060546260327100754, 0.057468052953481674, 0.05317017436027527, 0.05121205374598503], "bboxes": [[267.4826354980469, 109.58212280273438, 718.4071044921875, 1070.6981201171875], [267.4826354980469, 109.58212280273438, 718.4071044921875, 1070.6981201171875], [434.4605712890625, 790.9642944335938, 528.89013671875, 931.1007690429688], [470.6091003417969, 774.0169677734375, 517.8624877929688, 827.0250244140625], [267.4826354980469, 109.58212280273438, 718.4071044921875, 1070.6981201171875], [269.8028564453125, 170.16781616210938, 348.940185546875, 293.6875], [267.4826354980469, 109.58212280273438, 718.4071044921875, 1070.6981201171875], [471.07000732421875, 774.5322875976562, 517.4065551757812, 827.2284545898438], [265.0704345703125, 103.08010864257812, 719.0818481445312, 1069.323974609375], [470.51055908203125, 774.8299560546875, 515.8567504882812, 827.753173828125], [362.7656555175781, 801.0704345703125, 529.6411743164062, 976.8648681640625], [481.8681335449219, 749.3804931640625, 681.9610595703125, 1055.9495849609375], [372.5700988769531, 579.6682739257812, 681.4105224609375, 1059.443603515625], [267.4826354980469, 109.58212280273438, 718.4071044921875, 1070.6981201171875], [286.33343505859375, 102.78543090820312, 720.2155151367188, 1067.18994140625], [431.9533996582031, 787.7680053710938, 520.7984619140625, 937.2434692382812], [427.33184814453125, 784.5970458984375, 591.4310913085938, 1000.3387451171875], [423.71319580078125, 372.9165954589844, 774.4534301757812, 1092.0]]}