{"labels": [13, 2, 2, 2, 2, 2, 2, 2, 2, 2, 2, 2, 2, 56, 2, 2, 2, 2, 13, 2, 2, 2, 2, 2, 2, 2, 2, 2, 2, 2, 7, 2, 7, 17, 2, 2, 56, 2, 2, 2, 2, 2, 2, 2, 2, 2, 2, 2, 2, 2, 2, 2, 0, 0, 2, 2, 7, 2, 2, 0, 7, 7, 20, 9, 2, 7, 2, 2, 2, 0, 2, 2, 2, 2, 7, 2, 0, 2, 2, 2, 2, 2, 7, 2, 2, 2, 2, 2, 1, 2, 3, 2, 2, 2, 2, 2, 0, 2, 2, 2], "scores": [0.8761956095695496, 0.8470554947853088, 0.8146511316299438, 0.7834396362304688, 0.7697207927703857, 0.7641240954399109, 0.7534171938896179, 0.7416454553604126, 0.7138779163360596, 0.6654021143913269, 0.6610234379768372, 0.652509331703186, 0.5891485214233398, 0.58477383852005, 0.5353947281837463, 0.5329117178916931, 0.49909043312072754, 0.4576258063316345, 0.4315480887889862, 0.40407684445381165, 0.3830515742301941, 0.3787558078765869, 0.36445727944374084, 0.3540150225162506, 0.3505554795265198, 0.34833091497421265, 0.3180256485939026, 0.30944228172302246, 0.3064860999584198, 0.3031957447528839, 0.29570943117141724, 0.29461535811424255, 0.2876918911933899, 0.274210661649704, 0.272651731967926, 0.27153509855270386, 0.2633589506149292, 0.2628138065338135, 0.2582204043865204, 0.25610587000846863, 0.2552281618118286, 0.24914193153381348, 0.24280351400375366, 0.23596134781837463, 0.2352406233549118, 0.22649499773979187, 0.22442898154258728, 0.218144029378891, 0.21548688411712646, 0.21197545528411865, 0.21074821054935455, 0.20853061974048615, 0.206833615899086, 0.2053481489419937, 0.20142535865306854, 0.2011960744857788, 0.2003304809331894, 0.19598452746868134, 0.19055844843387604, 0.1896277219057083, 0.1886734813451767, 0.18491531908512115, 0.1822969764471054, 0.18190480768680573, 0.18014733493328094, 0.17918016016483307, 0.17806297540664673, 0.1774933934211731, 0.17711451649665833, 0.1764906495809555, 0.17634464800357819, 0.17534182965755463, 0.1713666468858719, 0.1709493100643158, 0.1708870679140091, 0.17078454792499542, 0.1681945025920868, 0.16804029047489166, 0.16695067286491394, 0.1618192195892334, 0.160704106092453, 0.1582249104976654, 0.15677985548973083, 0.15619640052318573, 0.15546832978725433, 0.15496981143951416, 0.1544930338859558, 0.15432235598564148, 0.15424229204654694, 0.15259045362472534, 0.1525689959526062, 0.15244407951831818, 0.1523192971944809, 0.15155048668384552, 0.1514756679534912, 0.1510603278875351, 0.1508844941854477, 0.1508621722459793, 0.14902251958847046, 0.14877194166183472], "bboxes": [[217.5468292236328, 172.820068359375, 457.94659423828125, 385.8176574707031], [294.24932861328125, 117.38272094726562, 377.6500244140625, 150.17691040039062], [481.14501953125, 110.4173812866211, 523.0299682617188, 130.13226318359375], [430.4372863769531, 105.69572448730469, 483.94061279296875, 132.7003936767578], [190.51109313964844, 109.956787109375, 296.14605712890625, 154.56805419921875], [398.3003234863281, 110.56649017333984, 433.4014587402344, 133.10902404785156], [608.7383422851562, 112.24369049072266, 635.7487182617188, 137.40513610839844], [0.6580353379249573, 111.14904022216797, 62.05402374267578, 144.81179809570312], [590.8924560546875, 110.14305877685547, 617.2637939453125, 126.70428466796875], [167.7218780517578, 109.68622589111328, 212.2364044189453, 139.68385314941406], [570.8548583984375, 109.99879455566406, 593.0797729492188, 127.53656768798828], [268.24560546875, 106.03096008300781, 326.83868408203125, 129.51943969726562], [60.28650665283203, 92.9670639038086, 84.61878204345703, 106.45066833496094], [371.86407470703125, 135.3839874267578, 432.5341491699219, 187.8462371826172], [98.1081771850586, 89.19673156738281, 117.67464447021484, 100.54595184326172], [137.23426818847656, 93.62698364257812, 159.23294067382812, 104.24321746826172], [598.7182006835938, 110.42292022705078, 626.6221923828125, 130.82797241210938], [374.5953674316406, 111.90694427490234, 429.1306457519531, 133.70799255371094], [371.736572265625, 135.640380859375, 433.1867370605469, 187.94766235351562], [552.6922607421875, 107.38787078857422, 592.3536987304688, 127.67683410644531], [271.40863037109375, 108.57452392578125, 343.16644287109375, 142.2955322265625], [143.19393920898438, 96.28670501708984, 164.78103637695312, 105.47602081298828], [82.68647003173828, 89.607421875, 99.10132598876953, 98.91352844238281], [96.80350494384766, 90.310546875, 109.97085571289062, 100.1170654296875], [0.3790222108364105, 111.64262390136719, 15.249648094177246, 126.6971664428711], [134.0321044921875, 91.40864562988281, 150.15834045410156, 101.78182983398438], [168.99281311035156, 95.71830749511719, 182.47230529785156, 104.5403823852539], [221.9712677001953, 97.93694305419922, 245.45310974121094, 107.55644989013672], [375.2205810546875, 115.9322280883789, 408.798095703125, 133.85888671875], [89.18151092529297, 89.09046173095703, 106.73824310302734, 99.33428192138672], [430.4372863769531, 105.69572448730469, 483.94061279296875, 132.7003936767578], [45.81510543823242, 115.79166412353516, 61.548309326171875, 143.22216796875], [187.7899627685547, 110.39636993408203, 297.96087646484375, 155.82147216796875], [371.9866943359375, 134.60708618164062, 432.76116943359375, 187.6343994140625], [0.3751264214515686, 111.59136199951172, 23.145679473876953, 144.34971618652344], [135.0828399658203, 94.73118591308594, 149.3715057373047, 104.44591522216797], [216.95285034179688, 173.5138397216797, 457.73345947265625, 385.9352722167969], [63.949180603027344, 90.16338348388672, 82.6566162109375, 102.35859680175781], [223.375732421875, 100.01744842529297, 235.9730224609375, 106.95502471923828], [553.9266357421875, 102.14653015136719, 561.3837280273438, 110.57677459716797], [614.83544921875, 102.03883361816406, 633.575927734375, 112.6818618774414], [534.9732666015625, 112.99589538574219, 543.3032836914062, 123.29444885253906], [536.4653930664062, 110.49967956542969, 544.3869018554688, 119.54859161376953], [554.3524780273438, 112.32481384277344, 580.5388793945312, 126.9888916015625], [542.88720703125, 115.0933609008789, 560.1771240234375, 125.92611694335938], [133.60166931152344, 92.71714782714844, 143.04432678222656, 102.695556640625], [537.9705200195312, 113.22417449951172, 546.7857666015625, 122.60897827148438], [610.4808959960938, 107.48701477050781, 635.1534423828125, 128.3780975341797], [227.7991180419922, 100.438720703125, 238.7886505126953, 107.51029968261719], [550.6696166992188, 116.25779724121094, 561.1005859375, 126.18123626708984], [288.45745849609375, 105.31413269042969, 326.0282897949219, 118.70614624023438], [107.73221588134766, 91.42829895019531, 118.91151428222656, 101.27009582519531], [242.63043212890625, 115.04415893554688, 252.22662353515625, 124.31759643554688], [334.1077880859375, 120.8896255493164, 339.6242980957031, 127.00294494628906], [399.9872131347656, 110.35055541992188, 428.1198425292969, 121.91300201416016], [239.93527221679688, 101.03707885742188, 248.79017639160156, 107.81105041503906], [555.43994140625, 109.72504425048828, 592.2656860351562, 127.86074829101562], [104.68800354003906, 88.47432708740234, 135.84857177734375, 102.00096130371094], [129.5205535888672, 90.79724884033203, 153.4288787841797, 105.01335906982422], [330.0826416015625, 120.51168823242188, 335.1207580566406, 126.68746948242188], [481.8818664550781, 110.92993927001953, 523.8260498046875, 131.55848693847656], [268.24560546875, 106.03096008300781, 326.83868408203125, 129.51943969726562], [371.84320068359375, 134.87730407714844, 432.9258728027344, 187.55906677246094], [571.9667358398438, 83.54937744140625, 577.3048706054688, 91.54847717285156], [540.4120483398438, 114.04356384277344, 553.9789428710938, 124.09983825683594], [60.39127731323242, 92.47770690917969, 84.82538604736328, 106.00794982910156], [70.3887710571289, 92.63504028320312, 86.68052673339844, 103.81745147705078], [255.4296417236328, 108.2904281616211, 303.2981872558594, 130.00218200683594], [220.1237030029297, 100.67974853515625, 240.8284454345703, 108.58544921875], [338.84417724609375, 121.1405258178711, 344.385498046875, 127.33187866210938], [172.93756103515625, 105.88677978515625, 245.52188110351562, 