{"labels": [0, 2, 2, 9, 2, 2, 2, 2, 2, 9, 0, 9, 0, 0, 0, 2, 0, 2, 9, 2, 2, 0, 0, 0, 2, 2, 0, 9, 0, 0, 2, 0, 2, 2, 0, 9, 0, 0, 0, 2, 0, 9, 0, 2, 0, 0, 0, 25, 26, 9, 0, 0, 0, 0, 2, 0, 0, 0, 0, 0, 2, 26, 7, 0, 0, 0, 9, 0, 0, 0, 28, 2, 2, 9, 0, 9, 2, 0, 9, 2, 0, 2, 26, 7, 2, 0, 2, 2], "scores": [0.994273841381073, 0.9913656711578369, 0.9863627552986145, 0.9852976202964783, 0.9842395782470703, 0.9839540719985962, 0.983242928981781, 0.9748851656913757, 0.956000804901123, 0.9527792930603027, 0.9513095021247864, 0.9501030445098877, 0.9454526305198669, 0.938021183013916, 0.9332892298698425, 0.930580198764801, 0.9258963465690613, 0.9224454164505005, 0.9141140580177307, 0.8603014945983887, 0.8050245642662048, 0.7734185457229614, 0.7535272240638733, 0.7467328310012817, 0.6895789504051208, 0.6811412572860718, 0.6706467866897583, 0.6580439209938049, 0.5421074628829956, 0.4795368015766144, 0.47717899084091187, 0.44286292791366577, 0.43481117486953735, 0.414287269115448, 0.39302361011505127, 0.3858092725276947, 0.36441540718078613, 0.3559757173061371, 0.3541630208492279, 0.330107718706131, 0.3234016001224518, 0.31984445452690125, 0.3185085356235504, 0.3076448440551758, 0.3037952482700348, 0.3002880811691284, 0.2974195182323456, 0.2897855043411255, 0.28832194209098816, 0.273097425699234, 0.2711493670940399, 0.2686869204044342, 0.23947763442993164, 0.23807097971439362, 0.2377624362707138, 0.23635627329349518, 0.23310434818267822, 0.23100394010543823, 0.21670487523078918, 0.2101857215166092, 0.19920207560062408, 0.19145171344280243, 0.18488124012947083, 0.17024488747119904, 0.1623719334602356, 0.15314652025699615, 0.15030546486377716, 0.14337439835071564, 0.12912002205848694, 0.12672480940818787, 0.12603984773159027, 0.11420173197984695, 0.1137780174612999, 0.10979830473661423, 0.1090618371963501, 0.09799408912658691, 0.09042636305093765, 0.0806393250823021, 0.08006756007671356, 0.07807998359203339, 0.07405856251716614, 0.07290130853652954, 0.068448007106781, 0.06712747365236282, 0.05516725033521652, 0.05327896401286125, 0.05086842551827431, 0.05016243830323219], "bboxes": [[350.1771545410156, 360.4374084472656, 372.9729309082031, 401.08917236328125], [732.6914672851562, 376.0035400390625, 800.0, 439.68798828125], [534.0560913085938, 371.0561218261719, 571.023681640625, 394.1733093261719], [184.29852294921875, 257.72528076171875, 198.51080322265625, 284.94415283203125], [514.75439453125, 367.8022155761719, 539.9046630859375, 391.4056701660156], [377.00238037109375, 366.57080078125, 411.42144775390625, 392.66448974609375], [644.7177734375, 360.179931640625, 737.0234985351562, 422.66064453125], [605.3534545898438, 359.5361633300781, 658.400146484375, 411.3110046386719], [431.8165588378906, 365.02325439453125, 464.65167236328125, 392.4446716308594], [311.3062744140625, 263.6558837890625, 323.8815612792969, 288.8756408691406], [53.314266204833984, 360.9985046386719, 74.21975708007812, 412.3162841796875], [207.18023681640625, 283.8625793457031, 218.5426025390625, 304.0123291015625], [195.12899780273438, 362.9184875488281, 207.9462890625, 395.7301025390625], [21.75234031677246, 359.1282958984375, 44.7216911315918, 425.3162536621094], [3.7618227005004883, 366.6572570800781, 21.18461036682129, 418.1530456542969], [332.030517578125, 366.8926086425781, 356.7995300292969, 390.2122497558594], [261.7162780761719, 367.0008239746094, 275.30987548828125, 395.6959228515625], [291.73834228515625, 362.0737609863281, 326.25994873046875, 394.5411682128906], [520.7721557617188, 268.04052734375, 531.3412475585938, 289.9185485839844], [500.1066589355469, 367.51409912109375, 517.3336181640625, 388.07489013671875], [415.2404479980469, 366.4057312011719, 431.5431823730469, 380.2715759277344], [752.1753540039062, 361.3026123046875, 764.5758666992188, 377.3540954589844], [74.29776763916016, 356.3666076660156, 89.71392822265625, 395.9169921875], [144.63729858398438, 363.1761474609375, 156.45562744140625, 399.85528564453125], [508.7056579589844, 368.5751037597656, 521.9440307617188, 389.5680847167969], [531.1951904296875, 369.3133850097656, 543.1245727539062, 392.8108825683594], [136.13380432128906, 359.6891174316406, 145.8798065185547, 395.041015625], [300.0288391113281, 262.523681640625, 312.9333190917969, 286.18634033203125], [182.47344970703125, 362.8529052734375, 195.5924835205078, 401.3804016113281], [157.06378173828125, 365.7078552246094, 166.3688201904297, 400.0498962402344], [483.8559875488281, 366.74383544921875, 500.7445068359375, 383.88372802734375], [246.10182189941406, 362.80108642578125, 254.07626342773438, 387.5970458984375], [503.63970947265625, 366.40777587890625, 529.4506225585938, 389.56768798828125], [329.8802490234375, 365.9247131347656, 375.28350830078125, 391.68896484375], [164.75448608398438, 363.2344055175781, 176.8304901123047, 401.0498046875], [610.3560180664062, 339.7054138183594, 623.3443603515625, 351.5263366699219], [170.8502197265625, 360.3404235839844, 194.46652221679688, 401.4378662109375], [256.1156005859375, 363.09857177734375, 264.85821533203125, 383.1937255859375], [780.793212890625, 357.4364929199219, 792.1284790039062, 378.61041259765625], [463.3373107910156, 366.5280456542969, 482.2096862792969, 380.9268493652344], [243.9641571044922, 361.9084167480469, 250.9611358642578, 388.2579040527344], [206.4142303466797, 281.7880554199219, 226.4062042236328, 305.6645202636719], [107.61927032470703, 355.4024963378906, 120.86434173583984, 380.373291015625], [495.39520263671875, 367.4687805175781, 509.97216796875, 386.1407775878906], [190.82122802734375, 362.93048095703125, 198.82388305664062, 394.4437561035156], [768.5233154296875, 364.19256591796875, 779.69384765625, 377.54107666015625], [175.1787872314453, 359.28656005859375, 185.85125732421875, 401.5006408691406], [48.983306884765625, 329.74774169921875, 72.12236785888672, 348.0835266113281], [44.88044357299805, 386.0001220703125, 54.007469177246094, 399.7823486328125], [679.4756469726562, 332.0802307128906, 696.8423461914062, 345.9960632324219], [80.39702606201172, 356.2469787597656, 93.43475341796875, 394.465087890625], [742.14501953125, 364.29217529296875, 750.1759033203125, 383.79156494140625], [157.8696746826172, 361.0142517089844, 174.62991333007812, 401.4384460449219], [137.471923828125, 351.1197204589844, 148.22085571289062, 365.465087890625], [481.3077392578125, 355.7349548339844, 498.1302185058594, 366.7676086425781], [205.40257263183594, 357.5079345703125, 213.41981506347656, 393.24853515625], [212.8179931640625, 358.50390625, 226.3922576904297, 392.5092468261719], [107.82978057861328, 355.3525085449219, 123.56392669677734, 400.5813903808594], [86.26465606689453, 355.5827941894531, 95.12543487548828, 393.3844299316406], [0.0, 357.5049743652344, 8.050124168395996, 402.2931213378906], [325.9107971191406, 366.3431091308594, 342.6566467285156, 386.6482849121094], [36.10308837890625, 383.1875915527344, 47.97504806518555, 399.7017517089844], [292.08099365234375, 360.52886962890625, 327.64794921875, 395.04034423828125], [153.3084716796875, 364.39422607421875, 161.9849853515625, 398.94342041015625], [91.20622253417969, 357.76019287109375, 121.03659057617188, 413.6623229980469], [93.08084106445312, 359.7308044433594, 209.15586853027344, 398.1658935546875], [299.95660400390625, 261.1949768066406, 323.4487609863281, 289.4518737792969], [74.7278060913086, 356.3621826171875, 86.13590240478516, 381.5244140625], [50.595436096191406, 362.90570068359375, 65.01873779296875, 407.6612243652344], [714.7101440429688, 361.1558837890625, 727.6476440429688, 377.3323059082031], [120.25540161132812, 381.3066101074219, 138.5200653076172, 409.1173400878906], [731.8349609375, 377.24102783203125, 767.5034790039062, 415.51226806640625], [590.8011474609375, 375.5659484863281, 605.1165771484375, 395.7677307128906], [518.1798095703125, 263.38427734375, 533.7028198242188, 297.35205078125], [5.63988733291626, 359.9275207519531, 86.36953735351562, 412.89300537109375], [171.48777770996094, 252.528076171875, 197.4486846923828, 