{"labels": [2, 2, 0, 2, 2, 2, 9, 0, 2, 2, 0, 2, 2, 0, 0, 2, 0, 9, 2, 0, 0, 2, 2, 9, 0, 2, 9, 9, 0, 0, 0, 0, 0, 2, 0, 0, 0, 9, 0, 9, 0, 0, 9, 2, 2, 2, 9, 9, 2, 9, 0, 2, 0, 2, 9, 0, 9, 2, 0, 0, 9, 0, 0, 0, 2, 0, 2, 0, 2, 0, 9, 0, 9, 0, 9, 9, 0, 2, 2, 9, 9, 7, 9, 2, 2, 0, 7, 2, 2, 2, 2, 9, 0, 0, 0, 7, 0, 7, 10, 0], "scores": [0.8524156808853149, 0.8343836665153503, 0.7842718958854675, 0.7824692130088806, 0.7801241874694824, 0.7714994549751282, 0.7308365106582642, 0.7127752304077148, 0.7079654932022095, 0.7066407203674316, 0.6352249383926392, 0.6280848979949951, 0.6064239740371704, 0.5947064757347107, 0.5735649466514587, 0.5527916550636292, 0.5476183295249939, 0.5458627939224243, 0.5324352383613586, 0.5156766772270203, 0.4978211522102356, 0.4943239390850067, 0.4700453579425812, 0.4514026641845703, 0.4455442726612091, 0.4394577145576477, 0.4268386662006378, 0.42085331678390503, 0.4104509651660919, 0.40580934286117554, 0.3777880370616913, 0.3732052743434906, 0.364205926656723, 0.36098095774650574, 0.3481178879737854, 0.3398636281490326, 0.3395250737667084, 0.33488237857818604, 0.32314249873161316, 0.3223619759082794, 0.32192492485046387, 0.3181156814098358, 0.3053683042526245, 0.30332037806510925, 0.30283135175704956, 0.30167829990386963, 0.2933797836303711, 0.29136356711387634, 0.29128187894821167, 0.28976351022720337, 0.2886483371257782, 0.2886255383491516, 0.28542181849479675, 0.2768206000328064, 0.272334486246109, 0.2677213251590729, 0.26749464869499207, 0.26690417528152466, 0.26525619626045227, 0.26434874534606934, 0.2616914212703705, 0.25832656025886536, 0.2575371265411377, 0.2574460804462433, 0.2561429440975189, 0.2542322874069214, 0.25406795740127563, 0.2535081207752228, 0.25205016136169434, 0.25136908888816833, 0.24644236266613007, 0.24525634944438934, 0.24237185716629028, 0.2420402616262436, 0.24177110195159912, 0.24176083505153656, 0.2407199889421463, 0.24016544222831726, 0.23904486000537872, 0.23833216726779938, 0.23657841980457306, 0.23587384819984436, 0.23572857677936554, 0.23029924929141998, 0.22681137919425964, 0.20771659910678864, 0.2059849351644516, 0.20454183220863342, 0.19158682227134705, 0.19049622118473053, 0.18940603733062744, 0.18311536312103271, 0.17652595043182373, 0.1617916226387024, 0.15835940837860107, 0.15032707154750824, 0.14484967291355133, 0.1426505595445633, 0.12982647120952606, 0.12880901992321014], "bboxes": [[733.1943359375, 377.0035705566406, 799.8264770507812, 438.917724609375], [377.43939208984375, 366.2997741699219, 411.34844970703125, 392.43609619140625], [351.14178466796875, 359.5719909667969, 371.3753356933594, 400.03277587890625], [291.15704345703125, 362.1845397949219, 328.50982666015625, 395.325439453125], [532.6964111328125, 371.3116760253906, 570.7487182617188, 394.5469970703125], [432.4670104980469, 365.55194091796875, 465.6701354980469, 392.5152282714844], [183.84791564941406, 257.46221923828125, 198.69601440429688, 285.5964050292969], [53.21134567260742, 361.2864685058594, 74.55146026611328, 412.8451232910156], [609.8391723632812, 359.84051513671875, 734.2465209960938, 419.2744445800781], [332.7080078125, 366.806396484375, 356.8873291015625, 390.13165283203125], [4.346410274505615, 365.14678955078125, 21.172801971435547, 418.0344543457031], [515.5415649414062, 369.4175109863281, 539.5602416992188, 391.0025634765625], [605.6111450195312, 360.3946533203125, 656.0474853515625, 412.3057861328125], [22.96054458618164, 362.34881591796875, 44.92169189453125, 424.2684326171875], [260.4852294921875, 364.6322326660156, 276.10888671875, 395.88555908203125], [503.7491760253906, 368.059814453125, 519.904541015625, 388.6080627441406], [194.74562072753906, 363.2178955078125, 207.18820190429688, 394.8485107421875], [311.3659973144531, 263.4892578125, 323.2861328125, 289.2391662597656], [414.98248291015625, 366.14556884765625, 430.5321960449219, 380.6640625], [144.82003784179688, 363.8305969238281, 157.62530517578125, 399.8277893066406], [73.63288879394531, 354.83123779296875, 90.49564361572266, 396.2816162109375], [522.1185302734375, 368.704833984375, 561.0001220703125, 392.63690185546875], [484.2183532714844, 366.9248962402344, 503.0212097167969, 386.1423034667969], [521.0109252929688, 266.6637878417969, 531.45458984375, 290.4599609375], [109.86957550048828, 356.686767578125, 122.66874694824219, 382.2920837402344], [506.3957214355469, 368.4160461425781, 530.103759765625, 389.5531311035156], [207.2355499267578, 281.37774658203125, 218.59266662597656, 303.97186279296875], [301.10906982421875, 262.05572509765625, 317.7220153808594, 289.2840270996094], [752.5715942382812, 361.3692932128906, 765.5219116210938, 377.2993469238281], [165.24024963378906, 361.9639892578125, 179.60824584960938, 401.91156005859375], [135.8621826171875, 355.0356750488281, 147.64891052246094, 396.5199890136719], [778.9532470703125, 358.1698303222656, 792.1759643554688, 378.1298522949219], [121.84767150878906, 353.9079284667969, 137.4515380859375, 383.7281494140625], [494.9473876953125, 368.1635437011719, 509.2064208984375, 387.08441162109375], [156.03201293945312, 365.7446594238281, 166.50564575195312, 400.0819091796875], [179.57594299316406, 360.67681884765625, 194.22576904296875, 401.5507507324219], [186.78343200683594, 362.483642578125, 196.75584411621094, 396.5782775878906], [360.7163391113281, 329.9223327636719, 365.7295837402344, 338.7979736328125], [202.49839782714844, 359.2250061035156, 212.4351348876953, 393.71539306640625], [344.3397216796875, 329.5070495605469, 350.5079345703125, 341.5434265136719], [770.8936767578125, 360.6133117675781, 786.2311401367188, 377.552490234375], [212.65985107421875, 361.7903747558594, 227.1892852783203, 393.062744140625], [362.5520935058594, 331.3621826171875, 367.0823974609375, 339.0010070800781], [336.84356689453125, 364.7618713378906, 363.75775146484375, 396.44451904296875], [466.062744140625, 368.0282287597656, 482.6352844238281, 380.46380615234375], [526.994873046875, 369.46258544921875, 545.9984130859375, 390.9634704589844], [365.4986572265625, 339.76214599609375, 370.125, 345.422119140625], [361.50213623046875, 336.2674255371094, 366.2663879394531, 342.66424560546875], [403.6065368652344, 364.0891418457031, 413.2480773925781, 375.07177734375], [356.1285400390625, 329.9145202636719, 360.5213623046875, 339.7632141113281], [92.52295684814453, 356.5144958496094, 117.64039611816406, 413.05279541015625], [499.3272705078125, 367.5843200683594, 513.822509765625, 387.6657409667969], [174.5433349609375, 357.04888916015625, 187.41061401367188, 402.31134033203125], [383.07818603515625, 365.959716796875, 405.7918395996094, 384.98272705078125], [342.2579345703125, 331.3797607421875, 347.3530578613281, 341.86590576171875], [284.1756591796875, 358.4721374511719, 299.9894104003906, 380.83795166015625], [369.1247863769531, 343.5290222167969, 373.9361877441406, 349.9311828613281], [411.1470642089844, 366.4950256347656, 421.5330810546875, 379.4414367675781], [107.17005157470703, 355.8234558105469, 119.4371337890625, 373.02044677734375], [81.2942886352539, 353.4295654296875, 95.67337799072266, 394.6181640625], [362.0486755371094, 328.3653259277344, 366.53778076171875, 336.8797607421875], [8.907964706420898, 361.2616271972656, 28.99767303466797, 419.3292236328125], [715.2134399414062, 362.34912109375, 730.8935546875, 381.02606201171875], [252.7532196044922, 365.2818603515625, 261.6922302246094, 381.0129699707031], [326.45159912109375, 365.4468078613281, 344.7855529785156, 384.4388427734375], [746.2293701171875, 363.5467224121094, 755.4757690429688, 379.2062072753906], [402.318603515625, 362.9173278808594, 410.15484619140625, 371.6950988769531], [241.39027404785156, 362.5477600097656, 251.2401885986328, 391.8757019042969], [468.58447265625, 362.4598693847656, 480.1837463378906, 373.0087890625], [743.2129516601562, 364.6224670410156, 751.9594116210938, 380.4359130859375], [368.8411865234375, 341.6585998535156, 372.83135986328125, 347.2640686035156], [727.3689575195312, 360.5024719238281, 742.8906860351562, 