{"labels": [2, 2, 2, 2, 2, 5, 2, 2, 2, 7, 2, 2, 2, 7, 2, 2, 2, 2, 2, 2, 7, 2, 2, 2, 2, 2, 7, 2, 0, 0, 2, 2, 2, 6, 2, 2, 2, 2, 2, 9, 2, 2, 2, 2, 2, 7, 2, 5, 0, 9, 0, 2, 2, 9, 2, 2, 0, 7, 2, 5, 5, 2, 2, 9, 2, 2, 2, 2, 2, 0, 7, 2, 2, 2, 2, 2, 2, 58, 5, 2, 2, 2, 2, 2, 2, 2, 2, 0, 2, 2, 0, 2, 0, 2, 5, 2, 0, 7, 2, 2], "scores": [0.8042783737182617, 0.7264641523361206, 0.6937098503112793, 0.6853301525115967, 0.6387152075767517, 0.6127886176109314, 0.6028069853782654, 0.5665517449378967, 0.5445559620857239, 0.5192076563835144, 0.5164039731025696, 0.5083625316619873, 0.5042984485626221, 0.4970259368419647, 0.4766741096973419, 0.47500213980674744, 0.4623207151889801, 0.4373989999294281, 0.42195647954940796, 0.4110679626464844, 0.4083334505558014, 0.40389102697372437, 0.3967691957950592, 0.3931804895401001, 0.38945895433425903, 0.38726726174354553, 0.3546934425830841, 0.3470684289932251, 0.3417512774467468, 0.3406980633735657, 0.33881062269210815, 0.3352426588535309, 0.3312239348888397, 0.3276054561138153, 0.325476735830307, 0.324852854013443, 0.32452699542045593, 0.32395294308662415, 0.3235558867454529, 0.32229503989219666, 0.32204872369766235, 0.3195348083972931, 0.319315105676651, 0.3148745894432068, 0.31353825330734253, 0.31055471301078796, 0.30923184752464294, 0.3091183304786682, 0.30798909068107605, 0.3055042624473572, 0.3014940321445465, 0.299937903881073, 0.2952638566493988, 0.2938362658023834, 0.2930908501148224, 0.2913579046726227, 0.28973376750946045, 0.2888578772544861, 0.2880456745624542, 0.28562793135643005, 0.28162917494773865, 0.2801472246646881, 0.27827221155166626, 0.2781722843647003, 0.27704137563705444, 0.27497798204421997, 0.274343878030777, 0.2741711735725403, 0.2734810411930084, 0.2731379270553589, 0.2718629240989685, 0.26638051867485046, 0.26601073145866394, 0.2647087872028351, 0.2632472813129425, 0.2629760503768921, 0.26266592741012573, 0.2624736428260803, 0.2617422938346863, 0.25998467206954956, 0.25820213556289673, 0.2578963041305542, 0.25746020674705505, 0.2567368745803833, 0.25291532278060913, 0.25216931104660034, 0.24731166660785675, 0.2472868263721466, 0.2465045154094696, 0.24390003085136414, 0.24263480305671692, 0.24232631921768188, 0.24128274619579315, 0.23993054032325745, 0.23782405257225037, 0.23666125535964966, 0.2359757125377655, 0.23392929136753082, 0.2326168417930603, 0.23260946571826935], "bboxes": [[412.60760498046875, 437.7350158691406, 479.6003723144531, 489.8293151855469], [503.5651550292969, 323.6841735839844, 541.3486328125, 358.2630615234375], [769.3272094726562, 304.7862548828125, 804.4556274414062, 338.4109802246094], [833.9776000976562, 484.1938171386719, 916.4126586914062, 565.0826416015625], [533.5, 272.2919616699219, 561.78125, 297.3134765625], [117.72241973876953, 286.93011474609375, 331.57989501953125, 396.79180908203125], [326.86962890625, 389.6778259277344, 400.90655517578125, 449.86895751953125], [646.2266235351562, 233.53036499023438, 670.6414794921875, 257.6694641113281], [606.9137573242188, 423.348876953125, 652.9644165039062, 473.5056457519531], [327.3984069824219, 389.7185363769531, 401.1553039550781, 449.13616943359375], [691.9105224609375, 409.4767150878906, 737.5368041992188, 458.2958679199219], [783.4287719726562, 258.5751647949219, 806.606201171875, 284.0356750488281], [560.4220581054688, 226.86329650878906, 584.5118408203125, 246.79995727539062], [691.9105224609375, 409.4767150878906, 737.5368041992188, 458.2958679199219], [102.71461486816406, 540.7413330078125, 232.60159301757812, 620.2467651367188], [588.465087890625, 184.7888641357422, 605.3381958007812, 197.8019256591797], [588.1970825195312, 192.7623748779297, 607.683349609375, 207.27496337890625], [497.98431396484375, 237.87612915039062, 528.8411254882812, 255.34112548828125], [467.7105712890625, 236.90431213378906, 486.69854736328125, 249.33233642578125], [583.6655883789062, 196.42588806152344, 604.553955078125, 214.49290466308594], [101.38909912109375, 542.6542358398438, 233.43832397460938, 626.9005737304688], [653.806884765625, 209.26100158691406, 672.166259765625, 223.99008178710938], [586.7138061523438, 179.16934204101562, 602.4600830078125, 191.11058044433594], [495.6168518066406, 243.09976196289062, 517.569091796875, 258.1946105957031], [580.5341186523438, 200.90463256835938, 598.9344482421875, 218.31451416015625], [473.1702880859375, 236.7167205810547, 494.0220642089844, 249.81227111816406], [833.9776000976562, 484.1938171386719, 916.4126586914062, 565.0826416015625], [628.75537109375, 171.33767700195312, 645.1947021484375, 183.752685546875], [1023.6922607421875, 283.82696533203125, 1035.652587890625, 303.70611572265625], [1028.670166015625, 282.8492431640625, 1042.0462646484375, 302.3806457519531], [475.9802551269531, 232.7903289794922, 497.574951171875, 246.19139099121094], [444.7847900390625, 229.18020629882812, 465.0928649902344, 239.12295532226562], [623.3639526367188, 177.92404174804688, 639.531005859375, 189.1945343017578], [720.8313598632812, 178.43301391601562, 812.3231811523438, 327.48297119140625], [628.7637329101562, 176.905029296875, 644.232177734375, 187.58676147460938], [487.4510192871094, 230.2212371826172, 507.7912292480469, 242.6002960205078], [453.46551513671875, 232.8458709716797, 471.406005859375, 244.20960998535156], [450.6070556640625, 230.2794952392578, 468.9610290527344, 241.0055389404297], [470.1340026855469, 241.2837371826172, 488.3932800292969, 252.2463836669922], [445.888916015625, 208.3031463623047, 452.3944091796875, 219.95697021484375], [629.3734741210938, 183.7181396484375, 642.9954833984375, 193.68417358398438], [495.2310791015625, 248.0875701904297, 514.9403686523438, 261.283935546875], [488.9972229003906, 236.73524475097656, 508.0752258300781, 250.3370361328125], [501.7712097167969, 232.1949462890625, 524.1350708007812, 244.7082977294922], [623.646484375, 182.61866760253906, 637.7682495117188, 193.4824981689453], [606.9137573242188, 423.348876953125, 652.9644165039062, 473.5056457519531], [475.1833190917969, 243.0376739501953, 493.12298583984375, 254.8653106689453], [727.7959594726562, 176.0707244873047, 811.3828125, 315.007568359375], [1020.294189453125, 287.5883483886719, 1034.5238037109375, 313.29718017578125], [444.3759460449219, 211.52650451660156, 451.07855224609375, 222.20872497558594], [1033.1983642578125, 282.964111328125, 1044.781982421875, 299.8654479980469], [605.2227172851562, 183.8831787109375, 617.4022827148438, 196.16256713867188], [510.9747619628906, 233.78350830078125, 529.8099365234375, 246.3800506591797], [189.49301147460938, 434.44830322265625, 205.71263122558594, 460.1013488769531], [606.9036865234375, 179.31236267089844, 618.9705810546875, 190.00778198242188], [438.10516357421875, 355.9131774902344, 454.8592529296875, 368.44146728515625], [1025.0184326171875, 281.7406005859375, 1041.6522216796875, 315.1018371582031], [533.8958129882812, 164.0347137451172, 588.4273681640625, 189.65577697753906], [631.4212646484375, 191.2257843017578, 643.5896606445312, 201.99850463867188], [533.8958129882812, 164.0347137451172, 588.4273681640625, 189.65577697753906], [34.44820022583008, 186.07574462890625, 344.36517333984375, 377.69158935546875], [476.7835998535156, 251.78854370117188, 493.629150390625, 264.00738525390625], [687.1122436523438, 224.7417755126953, 709.6173706054688, 246.11375427246094], [439.34619140625, 214.76031494140625, 445.7693786621094, 224.5821075439453], [646.584228515625, 173.51913452148438, 662.2423095703125, 181.9886932373047], [641.3305053710938, 184.68348693847656, 652.7716064453125, 193.26625061035156], [466.44830322265625, 234.08909606933594, 481.364501953125, 245.64047241210938], [425.9781799316406, 227.6958465576172, 438.2433166503906, 241.96841430664062], [652.9788208007812, 172.96649169921875, 671.1416015625, 181.16993713378906], [1016.119140625, 293.01922607421875, 1028.5263671875, 314.1083068847656], [503.5651550292969, 323.6841735839844, 541.3486328125, 358.2630615234375], [614.7804565429688, 182.466552734375, 626.858642578125, 193.81326293945312], 