{"labels": [32, 62, 0, 62, 26, 0, 62, 0, 0, 2, 1, 17, 8, 25, 4, 5, 0], "scores": [0.9977826476097107, 0.8452791571617126, 0.41318902373313904, 0.1963558942079544, 0.1560644656419754, 0.1300601363182068, 0.09755022823810577, 0.09038228541612625, 0.07915948331356049, 0.07655122876167297, 0.07591958343982697, 0.06873180717229843, 0.06780926883220673, 0.06448789685964584, 0.05940142646431923, 0.0530509352684021, 0.05070330202579498], "bboxes": [[122.90689849853516, 286.05084228515625, 252.23080444335938, 417.58062744140625], [0.5977412462234497, 1.1113189458847046, 117.29459381103516, 125.3823471069336], [331.6288146972656, 375.3157653808594, 426.2681579589844, 518.2244262695312], [11.623224258422852, 0.0, 402.827392578125, 152.9405975341797], [186.64874267578125, 16.45857810974121, 436.3011779785156, 288.69915771484375], [140.30484008789062, 27.803552627563477, 504.9501953125, 498.65087890625], [3.278623342514038, 0.0, 165.08009338378906, 185.47821044921875], [636.9879760742188, 330.5507507324219, 722.1008911132812, 428.3795471191406], [512.7911376953125, 377.2335205078125, 577.476806640625, 520.2200317382812], [0.0, 0.0, 435.65972900390625, 206.16574096679688], [103.7625732421875, 17.243419647216797, 479.25982666015625, 484.55084228515625], [175.4186553955078, 38.85959243774414, 489.5771789550781, 495.3687744140625], [145.060302734375, 15.00842571258545, 443.2226257324219, 315.5067138671875], [150.83718872070312, 20.97927474975586, 438.64239501953125, 313.3967590332031], [22.017759323120117, 2.711972951889038, 563.4466552734375, 439.6158752441406], [0.0, 0.0, 427.7627868652344, 201.54029846191406], [620.4343872070312, 329.17431640625, 725.160400390625, 517.05078125]]}