{"labels": [68, 58, 45, 45, 45, 45, 58, 45, 75, 75, 49, 49, 48, 69, 49, 49, 49, 43, 50, 49, 49, 49, 45, 75, 49, 51, 49, 54, 45, 39, 47, 49, 45, 58, 45, 41, 50, 49, 41, 74, 75, 76, 45, 55, 45, 43, 49, 58, 58, 49, 49, 45, 71, 45, 39, 69, 41, 45, 58, 49, 44, 49, 45, 43, 41, 73, 43, 41, 43, 62, 49, 69, 69, 71, 45, 49, 47, 49, 49, 49, 43, 69, 45, 49, 49, 69, 45, 45, 49, 60, 69, 50, 53, 69, 53, 71, 58, 49, 45, 69], "scores": [0.8576000332832336, 0.8042014837265015, 0.7819940447807312, 0.5879937410354614, 0.5123926997184753, 0.5109338164329529, 0.5095594525337219, 0.5046396851539612, 0.46711456775665283, 0.42878425121307373, 0.4101792573928833, 0.39307740330696106, 0.38865920901298523, 0.38844168186187744, 0.3714955747127533, 0.37089109420776367, 0.36831480264663696, 0.366421103477478, 0.3662709593772888, 0.3589024841785431, 0.35348114371299744, 0.35297292470932007, 0.3472916781902313, 0.3379989564418793, 0.33691146969795227, 0.3352767825126648, 0.33076590299606323, 0.33043554425239563, 0.3293413817882538, 0.300102561712265, 0.2997956871986389, 0.2984037399291992, 0.29535990953445435, 0.2890273928642273, 0.28748372197151184, 0.2731718122959137, 0.27248427271842957, 0.2715599238872528, 0.2703571021556854, 0.25896820425987244, 0.25739964842796326, 0.2567342519760132, 0.25644880533218384, 0.25636595487594604, 0.2547468841075897, 0.2537537217140198, 0.2519385516643524, 0.25019216537475586, 0.24805289506912231, 0.24138695001602173, 0.23230578005313873, 0.2307770699262619, 0.2272036075592041, 0.22249574959278107, 0.219072625041008, 0.21894823014736176, 0.2186928242444992, 0.2186594009399414, 0.21832393109798431, 0.2135440856218338, 0.20850561559200287, 0.20528626441955566, 0.20477181673049927, 0.20313847064971924, 0.19807970523834229, 0.19119587540626526, 0.18964046239852905, 0.18641972541809082, 0.18597956001758575, 0.18559062480926514, 0.18481506407260895, 0.18383808434009552, 0.18358957767486572, 0.1828642636537552, 0.17628611624240875, 0.17325137555599213, 0.17216652631759644, 0.17188845574855804, 0.17046602070331573, 0.16839058697223663, 0.16678962111473083, 0.16642706096172333, 0.16528840363025665, 0.16476544737815857, 0.1645733118057251, 0.1602269411087036, 0.158352330327034, 0.15762782096862793, 0.15654967725276947, 0.15505440533161163, 0.15269944071769714, 0.15012091398239136, 0.14943338930606842, 0.14712420105934143, 0.141349196434021, 0.14007887244224548, 0.13841524720191956, 0.13678789138793945, 0.1367766410112381, 0.13467951118946075], "bboxes": [[602.665283203125, 189.52000427246094, 749.9117431640625, 279.71160888671875], [189.53843688964844, 298.08197021484375, 223.9878692626953, 335.6186828613281], [440.87127685546875, 315.0283508300781, 505.0119323730469, 338.94927978515625], [144.82949829101562, 360.547607421875, 257.22674560546875, 430.06707763671875], [150.53131103515625, 397.35369873046875, 256.11370849609375, 432.0191345214844], [416.9879150390625, 298.87646484375, 457.8610534667969, 314.82073974609375], [26.64865493774414, 281.6554260253906, 165.23117065429688, 428.98309326171875], [410.6892395019531, 313.7327880859375, 463.1801452636719, 337.2000732421875], [66.33145904541016, 370.6546630859375, 137.06346130371094, 431.3370666503906], [84.96646118164062, 360.11053466796875, 125.06990051269531, 394.8033752441406], [144.60430908203125, 349.2940979003906, 256.50958251953125, 425.6403503417969], [172.54177856445312, 361.58746337890625, 207.23561096191406, 392.48388671875], [0.0, 387.4785461425781, 73.62052154541016, 436.56536865234375], [593.3577880859375, 289.8857116699219, 756.9386596679688, 393.6177062988281], [209.48143005371094, 369.4706115722656, 245.82022094726562, 398.46826171875], [605.0504760742188, 367.49273681640625, 638.8823852539062, 389.11566162109375], [163.95736694335938, 375.36474609375, 235.71987915039062, 411.2379455566406], [512.8370361328125, 279.1534118652344, 522.3956909179688, 301.7620544433594], [62.23761749267578, 387.59283447265625, 138.95968627929688, 435.00347900390625], [190.6256561279297, 383.443115234375, 221.9058074951172, 410.344482421875], [417.6829833984375, 299.2386169433594, 457.3923645019531, 314.7467346191406], [159.43511962890625, 384.3138122558594, 188.2724609375, 409.27044677734375], [718.06884765625, 388.75213623046875, 776.5197143554688, 408.0798034667969], [75.65877532958984, 357.85107421875, 132.59524536132812, 410.8522033691406], [148.87384033203125, 377.9583435058594, 176.908203125, 405.8456726074219], [605.0504760742188, 367.49273681640625, 638.8823852539062, 389.11566162109375], [222.20248413085938, 353.5207824707031, 247.2150421142578, 379.5894775390625], [0.0, 387.0595703125, 73.8680419921875, 436.4266662597656], [725.2018432617188, 358.7121887207031, 767.2005004882812, 388.063232421875], [487.2882385253906, 293.4981994628906, 498.77081298828125, 317.5783996582031], [417.2421569824219, 299.0429382324219, 457.68084716796875, 314.5978088378906], [190.8695831298828, 347.5472106933594, 223.31336975097656, 374.89862060546875], [409.6569519042969, 308.1930236816406, 496.30523681640625, 338.6512145996094], [614.8471069335938, 357.68218994140625, 717.2761840820312, 411.6717834472656], [505.7638244628906, 301.29827880859375, 523.8081665039062, 318.6302185058594], [725.2947998046875, 358.8867492675781, 766.6544799804688, 388.0236511230469], [617.9177856445312, 358.94952392578125, 719.5177612304688, 411.16839599609375], [408.7524719238281, 314.9659729003906, 452.8564758300781, 337.087158203125], [779.2861938476562, 340.16510009765625, 800.0, 427.364990234375], [144.82949829101562, 360.547607421875, 257.22674560546875, 430.06707763671875], [193.9624786376953, 308.4116516113281, 221.45025634765625, 335.62744140625], [512.8370361328125, 279.1534118652344, 522.3956909179688, 301.7620544433594], [322.342529296875, 358.0587158203125, 403.7425537109375, 383.9862060546875], [0.0, 388.2623291015625, 72.48607635498047, 437.0208435058594], [410.3839111328125, 308.2463073730469, 457.8831787109375, 327.0731506347656], [503.8922424316406, 279.8978576660156, 511.9528503417969, 295.1648254394531], [165.8124542236328, 361.6708679199219, 221.74327087402344, 403.072265625], [166.70021057128906, 314.3951721191406, 192.68621826171875, 337.4444580078125], [61.80350112915039, 387.9460144042969, 139.26454162597656, 435.163818359375], [190.20510864257812, 373.8346862792969, 248.93707275390625, 409.0080871582031], [215.83753967285156, 361.61968994140625, 245.53456115722656, 387.29931640625], [713.6754760742188, 385.3852233886719, 776.5687255859375, 400.3355712890625], [321.4837951660156, 355.978515625, 403.4527893066406, 382.18121337890625], [718.760498046875, 397.1552734375, 776.22412109375, 417.27679443359375], [495.6853942871094, 295.0321044921875, 505.92041015625, 318.1090087890625], [280.09808349609375, 369.28216552734375, 523.07080078125, 407.6358337402344], [506.66192626953125, 302.6547546386719, 523.799072265625, 319.144775390625], [725.4116821289062, 358.82965087890625, 766.3179931640625, 373.07080078125], [50.85251998901367, 331.44366455078125, 147.2140655517578, 431.8538818359375], [219.31610107421875, 393.4191589355469, 238.9070281982422, 408.5362854003906], [512.9714965820312, 279.6805114746094, 522.2064208984375, 301.8896484375], [157.5762939453125, 379.8849792480469, 207.44944763183594, 409.2505187988281], [618.427978515625, 358.2403869628906, 719.6519775390625, 411.2168273925781], [512.8080444335938, 373.1226806640625, 619.283203125, 398.5536193847656], [510.9172668457031, 308.3302307128906, 524.3091430664062, 325.9081726074219], [540.4366455078125, 287.49383544921875, 551.3060302734375, 337.67974853515625], [504.869384765625, 284.9007263183594, 512.5894165039062, 300.3284912109375], [513.6932983398438, 314.7647399902344, 524.3095703125, 328.2765808105469], [510.41259765625, 278.7160339355469, 519.14306640625, 298.00091552734375], [601.01513671875, 189.04922485351562, 750.8533325195312, 279.3400573730469], [217.6479949951172, 376.8987731933594, 252.56370544433594, 404.8680114746094], [597.1597900390625, 