{"labels": [2, 13, 2, 2, 2, 2, 2, 2, 2, 2, 2, 2, 2, 2, 2, 2, 56, 2, 2, 2, 2, 2, 2, 2, 2, 2, 2, 2, 2, 2, 2, 2, 13, 2, 2, 2, 2, 0, 2, 2, 2, 2, 2, 0, 2, 7, 2, 2, 7, 2, 7, 2, 2, 7, 56, 2, 2, 2, 0, 2, 2, 2, 2, 28, 2, 2], "scores": [0.9923075437545776, 0.990889847278595, 0.987492561340332, 0.9859753251075745, 0.982685923576355, 0.9789324402809143, 0.9766815900802612, 0.9713587760925293, 0.9614242315292358, 0.9580504298210144, 0.9306958913803101, 0.9164149761199951, 0.8938853144645691, 0.8633139729499817, 0.8595476150512695, 0.7699800729751587, 0.7523584365844727, 0.7013863921165466, 0.6883963346481323, 0.6419410109519958, 0.5161199569702148, 0.43782758712768555, 0.4307301938533783, 0.4286816716194153, 0.4227614104747772, 0.3899243175983429, 0.38550588488578796, 0.341375470161438, 0.2991458475589752, 0.27405598759651184, 0.2689356505870819, 0.2616187036037445, 0.24053609371185303, 0.15547682344913483, 0.13999955356121063, 0.12470762431621552, 0.12398208677768707, 0.12133188545703888, 0.12059202790260315, 0.12016772478818893, 0.11518725007772446, 0.11099253594875336, 0.10875873267650604, 0.09881909936666489, 0.09879175573587418, 0.08643626421689987, 0.08630496263504028, 0.08454025536775589, 0.0784866213798523, 0.07761020958423615, 0.07638871669769287, 0.07385841012001038, 0.06835247576236725, 0.06730400770902634, 0.06719329953193665, 0.06536858528852463, 0.06509491801261902, 0.05918005853891373, 0.05821879953145981, 0.056396204978227615, 0.05474384129047394, 0.05461500957608223, 0.05450449511408806, 0.05202081426978111, 0.05189880356192589, 0.05136581137776375], "bboxes": [[609.4880981445312, 113.74182891845703, 635.8515014648438, 136.9497528076172], [220.95233154296875, 176.31396484375, 458.3157043457031, 381.5938720703125], [0.0, 111.85530090332031, 62.42433547973633, 145.18954467773438], [480.71484375, 110.33625030517578, 522.5467529296875, 130.3162384033203], [186.56784057617188, 109.34275817871094, 298.6498107910156, 154.81712341308594], [266.885986328125, 105.74283599853516, 326.0679931640625, 128.70982360839844], [293.82281494140625, 117.20235443115234, 378.73687744140625, 150.4152374267578], [167.8730926513672, 108.23027801513672, 212.48501586914062, 140.03829956054688], [396.983642578125, 111.04993438720703, 433.4193420410156, 133.17587280273438], [430.7911682128906, 106.4058837890625, 482.66949462890625, 132.55996704101562], [60.13101577758789, 93.03883361816406, 85.02024841308594, 106.12754821777344], [591.0256958007812, 110.74078369140625, 615.0267333984375, 126.60803985595703], [568.9555053710938, 109.75102996826172, 592.777587890625, 127.51319885253906], [98.01338958740234, 89.38602447509766, 118.72509765625, 101.21025085449219], [140.24732971191406, 96.06468200683594, 164.09730529785156, 105.20389556884766], [85.829345703125, 90.15772247314453, 98.65582275390625, 97.85587310791016], [371.0276184082031, 134.5276336669922, 432.66900634765625, 189.0787811279297], [222.65292358398438, 98.5396957397461, 242.10536193847656, 107.3703842163086], [375.18963623046875, 119.97029876708984, 382.09161376953125, 132.97230529785156], [97.66382598876953, 91.53773498535156, 109.07797241210938, 100.81458282470703], [169.00929260253906, 95.63961029052734, 182.370849609375, 105.225830078125], [136.12953186035156, 92.08676147460938, 155.3813934326172, 104.26923370361328], [0.17577259242534637, 110.93226623535156, 17.22956085205078, 142.2412109375], [134.27630615234375, 90.88526153564453, 144.419189453125, 101.02898406982422], [554.7976684570312, 106.24560546875, 591.4918212890625, 127.41002655029297], [553.8621215820312, 100.1734848022461, 561.982177734375, 111.46656036376953], [67.78216552734375, 88.33116912841797, 83.3602523803711, 97.21723937988281], [554.4425659179688, 116.0519790649414, 562.5128173828125, 126.77230834960938], [613.9262084960938, 101.87794494628906, 635.3832397460938, 112.95498657226562], [373.78131103515625, 111.03026580810547, 420.80224609375, 133.77398681640625], [607.4526977539062, 111.97298431396484, 621.5307006835938, 124.77694702148438], [229.4706268310547, 99.45881652832031, 250.3473358154297, 108.35236358642578], [372.31524658203125, 138.5299835205078, 433.3111877441406, 188.1791534423828], [45.11366653442383, 118.53018951416016, 61.742549896240234, 143.92413330078125], [2.8706905841827393, 110.28515625, 26.24517059326172, 145.3155517578125], [555.1434936523438, 112.21747589111328, 576.350341796875, 125.87921142578125], [545.5687255859375, 116.58120727539062, 561.4891357421875, 127.48312377929688], [375.3784484863281, 118.95660400390625, 382.0733947753906, 134.50613403320312], [609.4029541015625, 102.58737182617188, 635.564208984375, 122.04800415039062], [380.3162841796875, 107.40738677978516, 455.1181335449219, 133.58309936523438], [74.78144073486328, 88.34455871582031, 98.05467987060547, 97.72406005859375], [65.52355194091797, 90.32705688476562, 83.38250732421875, 101.8816146850586], [0.01918051391839981, 111.68579864501953, 14.291336059570312, 125.49200439453125], [253.93609619140625, 103.62178802490234, 262.51751708984375, 112.51669311523438], [599.2604370117188, 110.46404266357422, 624.4760131835938, 124.89384460449219], [188.62619018554688, 108.79399108886719, 300.572998046875, 155.9051513671875], [134.42539978027344, 94.51394653320312, 146.94021606445312, 103.82709503173828], [540.53955078125, 114.39142608642578, 559.5822143554688, 125.78353881835938], [430.75933837890625, 105.23820495605469, 483.693359375, 132.10586547851562], [95.6480712890625, 90.30675506591797, 157.61949157714844, 102.85436248779297], [293.7516784667969, 117.03363800048828, 382.1043395996094, 149.90110778808594], [239.08778381347656, 100.7457275390625, 250.54879760742188, 109.07977294921875], [80.71214294433594, 90.19389343261719, 93.30974578857422, 98.22772216796875], [559.3278198242188, 109.92174530029297, 591.9833984375, 127.50249481201172], [218.0842742919922, 175.84432983398438, 456.03900146484375, 371.3931884765625], [82.32543182373047, 91.1281509399414, 100.56147766113281, 100.5411148071289], [171.41062927246094, 92.81710815429688, 203.01824951171875, 107.81097412109375], [77.2586441040039, 88.26443481445312, 115.42871856689453, 99.90056610107422], [625.9845581054688, 103.5133056640625, 635.9007568359375, 113.36966705322266], [442.9072570800781, 107.00890350341797, 506.1613464355469, 130.95114135742188], [70.03443908691406, 91.3134765625, 98.84625244140625, 104.66527557373047], [537.931640625, 111.94606018066406, 547.5862426757812, 121.4844970703125], [398.6925354003906, 110.7709732055664, 410.84881591796875, 132.98321533203125], [91.2059326171875, 106.42572021484375, 106.14334869384766, 119.94092559814453], [50.610103607177734, 109.78269958496094, 71.26532745361328, 119.40843200683594], [173.92845153808594, 91.06150817871094, 228.47735595703125, 108.08966064453125]], "masks": [{"size": [427, 640], "counts": "g_n77R=2N2O1O1O1O100O1O1O100O1O100O10000O10000000L4F:NWo1"}, {"size": [427, 640], "counts": "Q`n28c1Kh9:RFOe96TF1h96iE5U:b1N2O1N2OO1O1O001N2O001M3N2N2B=K6L4M3N2O1O0100O2N102M2N2O2M3L4M5J;E:F3M3N3M2N001O1N1O2OUOoE^No9`1XF\\Nh9c1\\F[Nc9e1`FXN`9h1hFPNY9o1Q100001N1000011N1O1N2N3N1O100O101N1O100O1N201N1O100O1O100O1O1O1O10000O100O1000000O101O0O10000O1O100O10000O10000O100000000O101O0000000O10001O0O1000000O2O001N101O00001N100000000000001O000001O000001O000001O001O000010O000001O01O000010O01O00010O010O0100O[HXLg5h3WJ\\Lh5d3UJ_Lj5b3SJbLl5`3gIkLX6U50O010O10OO2O1N2N2M3N2N1O2N2K5I7H9J5I7K5N2M30001O1O11N2N5K3M0O11O002N1O1O1N010N2N3mMjGkNY8l0XHhNo7k0_2J7I6K4L5J`_\\2"}, {"size": [427, 640], "counts": "c3j0_<3O1N10000000000000000001O2N5K2N100O00007IIF[C<e<DZC=m<L10fm7F\\RH=E7N1N2O10O2M2O101N10001N2O1N3Mjl`7"}, {"size": [427, 640], "counts": "WfX64S=5M2O1O010O1O1O1O10000O100000001O001O00O100O1000000O10000000001O01000O010O0O2N1NPSa1"}, {"size": [427, 640],