{"labels": [32, 62, 25, 5, 2, 0, 11, 0, 62, 33, 7, 25, 0, 35, 0, 6, 62, 64, 74, 33, 26, 2, 29, 0, 56, 24, 5, 43, 62, 29, 0, 0, 0, 28, 0, 0, 66, 63, 0, 0, 65, 8, 68, 71, 0, 5, 73, 25, 0, 4, 54, 0, 73, 0, 29, 0, 5, 0, 16, 0, 0, 67, 0, 37, 0, 44, 67, 78, 57, 0, 59, 12, 45, 0, 73, 0, 2, 19, 14, 0, 28, 56, 42, 0, 66, 32, 0, 11, 47, 0, 0, 32, 0, 0, 6, 43, 66, 0, 0, 0], "scores": [0.9048225283622742, 0.46242547035217285, 0.36615461111068726, 0.2262413203716278, 0.2120034098625183, 0.17697679996490479, 0.1711706966161728, 0.1595529317855835, 0.15314505994319916, 0.15167686343193054, 0.1502966582775116, 0.1495995968580246, 0.145782470703125, 0.1360231339931488, 0.12987667322158813, 0.1293194591999054, 0.12376943230628967, 0.12017695605754852, 0.11566754430532455, 0.11158344894647598, 0.10868646949529648, 0.1070045530796051, 0.10354775935411453, 0.10324787348508835, 0.1012481227517128, 0.10101253539323807, 0.10094377398490906, 0.09993726760149002, 0.09978662431240082, 0.0987224355340004, 0.09837084263563156, 0.09731811285018921, 0.09704244136810303, 0.09545734524726868, 0.09473378956317902, 0.09445177763700485, 0.09435909241437912, 0.09407120198011398, 0.08998169004917145, 0.08847904950380325, 0.08711110055446625, 0.08540073037147522, 0.08446826040744781, 0.08296152204275131, 0.08268333226442337, 0.08257171511650085, 0.08149737119674683, 0.08097878843545914, 0.08068504929542542, 0.08004835247993469, 0.07979456335306168, 0.07971230894327164, 0.0780978798866272, 0.07791139930486679, 0.07737351208925247, 0.07705586403608322, 0.07640939950942993, 0.07620097696781158, 0.0761307030916214, 0.07577203214168549, 0.07575134187936783, 0.07517006993293762, 0.07515598088502884, 0.07494792342185974, 0.07485869526863098, 0.07415067404508591, 0.07288841158151627, 0.07229167222976685, 0.07205967605113983, 0.0720568522810936, 0.07178153097629547, 0.07151789218187332, 0.07039771229028702, 0.07010464370250702, 0.0700547844171524, 0.0696469396352768, 0.06925930082798004, 0.06900069862604141, 0.06868717074394226, 0.06843836605548859, 0.06791350245475769, 0.06748949736356735, 0.06733551621437073, 0.0670120045542717, 0.06698937714099884, 0.06694193184375763, 0.06658824533224106, 0.06637068092823029, 0.06623108685016632, 0.06615756452083588, 0.06574679166078568, 0.06569702923297882, 0.06541143357753754, 0.06523089110851288, 0.0651293620467186, 0.0647832602262497, 0.06475246697664261, 0.06413743644952774, 0.06401481479406357, 0.06378725171089172], "bboxes": [[123.79986572265625, 285.9872741699219, 253.63595581054688, 417.4123229980469], [0.0, 0.2506563365459442, 118.50209045410156, 128.15921020507812], [157.8633575439453, 26.932300567626953, 441.939453125, 280.12823486328125], [0.0, 4.3810272216796875, 421.277587890625, 196.268798828125], [0.0, 9.146608352661133, 427.70361328125, 212.8506622314453], [96.76437377929688, 22.919042587280273, 449.045654296875, 404.2552795410156], [90.34829711914062, 19.801197052001953, 435.0381774902344, 269.63140869140625], [48.91006088256836, 395.8607482910156, 143.77487182617188, 518.8219604492188], [1.532310962677002, 2.2213733196258545, 406.216796875, 195.16610717773438], [185.89785766601562, 29.997425079345703, 445.6003112792969, 284.11761474609375], [0.0, 4.3810272216796875, 421.277587890625, 196.268798828125], [0.0, 9.146608352661133, 427.70361328125, 212.8506622314453], [320.2415771484375, 365.71142578125, 434.4022521972656, 517.4297485351562], [124.10298919677734, 285.0567321777344, 253.81150817871094, 416.68878173828125], [625.074951171875, 332.6044006347656, 733.4987182617188, 452.14276123046875], [1.532310962677002, 2.2213733196258545, 406.216796875, 195.16610717773438], [10.562695503234863, 1.880771279335022, 294.8392639160156, 124.39330291748047], [0.19479723274707794, 114.6214599609375, 55.923255920410156, 139.28189086914062], [0.19479723274707794, 114.6214599609375, 55.923255920410156, 139.28189086914062], [26.076148986816406, 15.415998458862305, 437.7445373535156, 324.3454895019531], [157.8633575439453, 26.932300567626953, 441.939453125, 280.12823486328125], [121.26638793945312, 24.662668228149414, 441.72528076171875, 325.3787536621094], [123.36380767822266, 285.2927551269531, 253.48590087890625, 418.78021240234375], [581.5830688476562, 206.1902313232422, 667.2029418945312, 369.2344055175781], [736.8720703125, 68.94828033447266, 800.0, 211.16383361816406], [157.8633575439453, 26.932300567626953, 441.939453125, 280.12823486328125], [0.2441505789756775, 1.171077013015747, 129.44244384765625, 126.6056137084961], [130.77735900878906, 10.876635551452637, 160.0978240966797, 33.975433349609375], [117.70862579345703, 24.082691192626953, 435.13800048828125, 276.01348876953125], [157.8633575439453, 26.932300567626953, 441.939453125, 280.12823486328125], [625.5928344726562, 353.0191345214844, 744.2333984375, 515.8159790039062], [6.091375350952148, 361.87811279296875, 76.64563751220703, 518.5810546875], [749.1661376953125, 409.8529052734375, 798.5714721679688, 519.4794311523438], [1.532310962677002, 2.2213733196258545, 406.216796875, 195.16610717773438], [561.3714599609375, 374.9847412109375, 644.7427368164062, 518.727294921875], [73.55266571044922, 386.1019287109375, 184.77195739746094, 520.2949829101562], [1.532310962677002, 2.2213733196258545, 406.216796875, 195.16610717773438], [1.532310962677002, 2.2213733196258545, 406.216796875, 195.16610717773438], [117.33220672607422, 11.562300682067871, 650.4632568359375, 500.76171875], [514.5221557617188, 382.4162902832031, 575.3486328125, 517.9135131835938], [1.0376896858215332, 115.22119140625, 56.253414154052734, 139.32424926757812], [0.0, 9.146608352661133, 427.70361328125, 212.8506622314453], [3.0846152305603027, 6.344944000244141, 380.6463928222656, 131.7803497314453], [117.07671356201172, 0.4564990699291229, 376.12078857421875, 108.50906372070312], [746.8414916992188, 81.92659759521484, 799.2110595703125, 346.936279296875], [117.70862579345703, 24.082691192626953, 435.13800048828125, 276.01348876953125], [1.532310962677002, 2.2213733196258545, 406.216796875, 195.16610717773438], [27.49391746520996, 12.272945404052734, 648.8814697265625, 393.3183288574219], [423.1650390625, 280.23052978515625, 533.4119873046875, 423.3955078125], [26.076148986816406, 15.415998458862305, 437.7445373535156, 324.3454895019531], [157.8633575439453, 26.932300567626953, 441.939453125, 280.12823486328125], [582.9221801757812, 354.01220703125, 702.44140625, 515.5556030273438], [119.92523956298828, 28.615461349487305, 152.28082275390625, 95.24179077148438], [494.7127685546875, 241.73965454101562, 596.719970703125, 374.6861877441406], [219.8258056640625, 36.719974517822266, 440.3423767089844, 142.39749145507812], [116.882080078125, 406.039306640625, 179.2966766357422, 514.5481567382812], [3.3401761054992676, 4.126831531524658, 299.29791259765625, 132.04635620117188], [353.57281494140625, 169.01939392089844, 485.8414306640625, 388.979248046875], [96.76437377929688, 22.919042587280273, 449.045654296875, 404.2552795410156], [326.060302734375, 153.07542419433594, 514.7874755859375, 470.8060607910156], [430.8167419433594, 317.8901062011719, 532.30517578125, 513.1963500976562], [1.0376896858215332, 115.22119140625, 56.253414154052734, 139.32424926757812], [481.04193115234375, 373.12481689453125, 558.0054321289062, 518.3915405273438], [1.532310962677002, 2.2213733196258545, 406.216796875, 195.16610717773438], [541.5496215820312, 221.03463745117188, 636.748291015625, 370.41455078125], [130.57168579101562, 10.725749969482422, 160.26051330566406, 34.24370574951172], [90.34829711914062, 19.801197052001953, 435.0381774902344, 269.63140869140625], [123.35845184326172, 286.280029296875, 253.6974334716797, 416.63275146484375], [736.6123657226562, 70.24044036865234, 799.42529296875, 186.82009887695312], [557.187255859375, 97.5761489868164, 682.8634033203125, 379.03857421875], [90.34829711914062, 19.801197052001953, 435.0381774902344, 269.63140869140625], [123.35845184326172, 286.280029296875, 253.6974334716797, 416.63275146484375], 