{"labels": [32, 62, 6, 0, 4, 9, 0, 62, 26, 9, 5, 7, 2], "scores": [0.9950992465019226, 0.7541553974151611, 0.2407986968755722, 0.15615101158618927, 0.1423693150281906, 0.14176225662231445, 0.12262244522571564, 0.07918292284011841, 0.0596136599779129, 0.05953862518072128, 0.057902656495571136, 0.0505828857421875, 0.05012667179107666], "bboxes": [[124.91986846923828, 288.9632263183594, 253.86729431152344, 415.3761901855469], [0.0, 1.6205817461013794, 118.03067016601562, 122.01594543457031], [0.8028960824012756, 2.798762559890747, 407.9849548339844, 194.64527893066406], [330.1397705078125, 372.18670654296875, 428.203857421875, 513.5361938476562], [0.0, 10.988775253295898, 434.41888427734375, 256.5657958984375], [0.0, 1.4156301021575928, 122.32789611816406, 123.54132080078125], [632.9922485351562, 330.7148132324219, 722.749755859375, 431.74505615234375], [3.720953941345215, 1.057186245918274, 407.35791015625, 149.30447387695312], [182.9828338623047, 3.6370482444763184, 440.3778991699219, 287.4889831542969], [179.2500762939453, 22.126785278320312, 446.7357482910156, 285.3705139160156], [0.0, 2.0785396099090576, 411.54095458984375, 200.7090301513672], [0.0, 0.0, 412.36474609375, 199.8904571533203], [13.328226089477539, 12.279606819152832, 455.26324462890625, 293.73974609375]], "masks": [{"size": [522, 800], "counts": "kQP2a0c?<H4K6H8J7I5M2M3M4L4M2N1O3L3N2N2N3M2N2M3O0O3M101N2O0N3O1N2O0O2N1O2O1N101O0O2O00000O2O000O2O0O101O000000001O000O100000000000000000000000000000000000000001O00000O10001N101N100O2O000O101N1O100O2O1N101N101N1O2N2N2O1M2O2O1N2N2M3N2N2N3L3N2N3M3K5L4L3N3L6J5J5L4K:BUPf8"}, {"size": [522, 800], "counts": "6V2>[Nd<n2H3N1O001O00000000000000001O0000000000000000001O000000001O000000000000000000000000000000000000000000000000000000000000O10000O10000O100O10000O100O100O100O100O100O100O10000O100O100O100O100O100O100O1O100O100O1O100O1O1N2O1N2M3N3K4H8F<`NgVl:"}, {"size": [522, 800], "counts": "eQ19?e0d=U2TClMc9b2lElMm9^2fEjMW:V4O0000000000001O000000000000000000O10O1000000000O1000000O100O10000O100O10000O10000O100O10000O1O010O100O100O100O100O10000O100O10000O100O10000O1000000O100O100O1O1O100O1O1O1O1O1O100O10000O10000O1000000O100O1O1O100O1O100O1O101L3N2N2000000000000O100000000000000000000000000O10000000000O10000POoCfMR<X2QD]MNEQ<l2SD^MNEo;k2VD^MNDm;n2VD\\MOEk;o2VD\\MOEk;o2VD\\MOEk;o2VD\\MOEk;n2WD]MNDl;o2VD]MNDl;o2VD]MNDl;o2VD]MNDl;o2WD\\MMEl;o2WD\\MMEl;o2WD[MNFj;P3XDZMNFj;P3XDZMNFj;o2YD[MMFj;o2ZDZMLGj;o2ZDYMMHi;n2\\DYMJJj;l2cDSMD2h;k2QEUMo:i2REXMn:g2SEYMm:f2TEZMl:f2SE[Mm:d2TE\\Ml:c2UE]Mk:b2VE^Mj:`2XE`Mh:_2YEaMg:_2YEbMf:^2YEcMg:\\2ZEdMf:\\2YEeMg:[2XEfMh:Z2WEhMh:X2WEiMi:W2VEjMj:V2VEjMj:V2UElMj:T2VElMj:T2VElMj:T2UEmMk:S2UEnMj:R2VEnMj:R2VEnMj:R2UEoMk:Q2UEPNj:P2UERNj:m1VEUNj:j1UEYNWOWOW;`2aE\\NSOYOZ;[2cEiN[:V1eEmNY:S1gESOS:m0lEWOQ:h0PFYOWOZN]:]2\\F[ORO^N_:V2_FK_95aFL^93cFN\\92cFO]91cFO]91bF0^90bF0^90aF1_9OaF1_9OaF1_9O`F2`9MaF3_9MaF3_9M`F4`9L`F4`9L`F4`9L`F5_9K`F6`9K_F5a9K^F6b9K\\F6d9J[F7e9JYF7h9HWF9i9HUF9k9GUF9k9HSF9m9HQF:n9GPF:P:FnE<R:GjE:V:IeE9[:k2000000000000000000000000000000000000000000O10000000000000000000000000000000000000000000000000000000000000000000000O10000000000000000000000000000000000000000000000000000000000000000000000000000000000000000000000000000000000000000000000000O1000000000000000000O1000000O100N2N2N2N2N2O1O1O1O1O1O1O1O1N3N1O1O1O1O1O1O1O1O1O1O1O1O2M2N3aLiDg1\\;lMZEc1h=iNbgW6"}, {"size": [522, 800], "counts": "YfZ53S`0<F5L5J6K5J8I;E6J3M3M2O2M2N2O1N1N3O0O1O2N1O2O0O2N1O1O1O1O1N2O1L4F:K4L5M2O2O2N1O10000O101O1O1O1O0O2O001O000000001O0000000000000000O2M2M4M2O2N2O1M4J6K7SM[Cj1R=hMUCR2e=L4M3N1N3L4M2M5K4M3M3M4L4K7GVgn5"}, {"size": [522, 800], "counts": "hU1d0T=e2J5]NeLfEj3i9mLXEk3f:n0O00000000O10000000000O1000000000000O1000001N100000<D3UKkDZ4e;N1O2N1O1mKQDi3o;ULSDj3W<01O0O1000000O2O00001N101O1O2M3N1O001N101O001N101O0O2O001O0O101O000O10001O000O1000000O10001O0O2O000O2O0O100O2O0O100O2O0O100000000O2O000000000O1000001O0O1000O0100O1O1O1O1O1O100O1O1O1O100O10O10O1000000O10O1000O1000000O10000O100O100O1O001O1N2O1N2O100000000000O10001O0000000O2O00002N2N3N0O001O1O1O2N1O101dDlM^8U2^GQN_8P2SG^Nl8c1PG`NP9a1kFdNT9]1gFgNY9[1`FjN`9X1[FkNd9Z1TFjNl9\\1cEoN]:`3O00000O1000001N1000000000000000000000000000000000000000000O100VO^JlFb5T9bJhF^5X9eJeF[5Z9fJeF[5[9fJdFZ5\\9fJdFZ5[9gJeFY5[9hJdFX5\\9hJcFY5\\9hJeFW5[9iJeFW5[9iJeFW5Z9jJgFU5Y9kJgFU5X9mJgFS5Y9mJhFR5W9oJiFQ5V9PKkFo4T9RKmFm4l8ZKUGe4i8]KYGa4f8`K\\G^4d8bK^G\\4b8dK^G\\4a8eK_G[4a8eK_G[4a8eK\\G^4d8cKXG`4h8`KVGb4j8^KTGd4l8\\KTGd4\\8]JfGo0Me4]8\\JfGo0Me4]8\\JfGo0Me4]8\\JeGP1Me4^8[JeGP1Me4^8[JeGP1Me4^8\\JdGo0Mf4_8[JdGo0Mf4_8[JdGo0Mf4_8[JdGo0Mf4_8[JeGn0Lg4_8[JeGn0Lg4_8[JeGn0Lg4_8ZJfGo0Kg4_8ZJgGn0Jh4_8ZJgGn0Jh4_8ZJgGn0Jh4_8ZJgGm0Ki4^8ZJhGl0Jj4^8ZJhGl0Jj4^8ZJiGk0Ik4^8ZJjGj0Hl4^8ZJkGi0Gm4^8ZJlGh0Fn4^8ZJlGh0Eo4_8YJmGg0DP5_8YJmGg0CQ5`8YJlGg0CP5a8YJlGg0CP5a8YJmGf0AR5b8XJoGe0^OS5c8XJPHd0]OT5c8YJoGd0\\OT5e8XJPHc0[OU5e8XJfGNJf0JT5f8XJfGOIe0JU5g8XJdGOLd0HU5h8XJdG0K`6a8`IdG0K`6a8`IdG0K`6`8aIeG0J_6a8bIcG1L\\6a8cIcG2K[6b8cIbG4KY6c8cIbG5KW6c8eIaG41R6^8jI`G71n5_8kI`G72m5^8lI_G93j5^8nI^G84j5^8nI]G96h5]8oI]G97g5\\8PJ]G97g5\\8QJ[G9:e5[8RJ[G9:e5[8RJZG:;c5\\8TJXG9;d5]8SJXG9;d5]8gJbGY5_8gJ`GZ5`8gJ_GX5b8hJ^GX5b8hJ]GX5d8hJ\\GW5d8jJ[GU5g8lJXGS5i8mJWGR5j8oJTGP5n8PKRGo4o8RKPGm4Q9TKnFk4S9UKmFk4S9TKnFk4S9UKmFj4T9UKmFj4T9VKlFi4U9WKlFf4V9ZKjFe4W9[KiFc4Y9]KgFb4Z9^KfF`4\\9`KdF_4\\9bKdF]4]9bKdF]4]9cKcF\\4^9dKcFZ4^9gK`FY4a9gK_FX4b9iK]FU4e9kKZFU4g9lKXFR4j9oKUFo3m9U12N2N2N2O1O1O1O1O1O100O1O1O1N2O1N2N2N2N2N2O1O1N200O1O1O1O1O2M2N2M3L4M3O1O1N2O100O2N1O1O1O2M2O2M5K5K4L4M3M2N2M4N1N2N1O2N2M2O2L4M2M4M3M2O2N2M201N1O2N2M4L3M4J:Dj`j5"}, {"size": [522, 800], "counts": "6X2o=V1lN3N1O001O00001O00000000001O0000001O0000001O0000001O000000000000000000001O0000000000000000000000000000O100000000000000O10000O100O100O100O100O100O10000O100O100O100O10000O100O100O100O100O100O100O100O1O100O100O1O1O1O1O1N2N2N2M4J5K6I9PNnA<Ia0e?ZOPdk:"}, {"size": [522, 800], "counts": "cbT:240e?i0D>B4N4J4K4M2N3N1O1N3M2M3N3L3O100N2O1O1O1O2N2O0O100O10000O100000001O000001O001O001O1O1O1O1O2N1N101O1O10O01O001O010O000010O01O001O010O1O001O1N2O1O2M3N1N2N3N2M3M4L4K9EV]X1"}, {"size": [522, 800], "counts": "Zb2o16RN90n<`2jBjMk<o2L5K5K5L20O0000000O100000000000000O10O10O10O0100000O01000000O100000000O1000000O10000000000O10000000000O1000000O1000000O010000000O1000000O1000000O1000000O10000O100O100O10000O10000O10000000000O1000000O1000000O10000O100000000O100000000O2O000000000O1000000000000O10000000000O1000000O10000O100O10000O10000O10000000O10O100000000O10000O100O100O100O10000O100O10000000000O10000000000000000O10000O100O100O1O1O101N100O100O100000000000000000000O1000000001O00000010O01O001O00100O1O00000hBfM`<Z2`CgM_<Y2`ChM_<Y2`CiM_<W2aCiM_<W2`CjM`<V2`CkM_<U2`ClM`<T2`ClM`<T2_CmMa<S2_CmMa<S2^CoMa<Q2_CoM`<R2`CnM`<R2`CnM`<R2_CnMb<R2^CnMb<R2^CnMb<R2^CnMb<R2]CoMc<Q2]CoMc<Q2]CoMc<Q2]CoMc<P2^CoMc<Q2\\CPNd<P2\\CPNd<P2\\CPNd<P2\\CPNd<P2[CQNe<o1ZCRNf<n1YCSNg<m1XCTNh<k1XCVNh<j1WCWNi<i1WCWNi<i1VCXNj<g1WCZNh<f1XCZNh<f1XCZNh<f1WC[Ni<e1WC[Ni<d1XC\\Nh<d1XC\\Ng<d1[CZNf<f1[CYNe<f1]CYNc<f1`CXN`<g1cCWN]<i1dCUN]<j1eCUN[<k1eCUN[<j1gCUNY<k1gCUNY<j1iCTNX<l1hCTNX<k1jCTNV<l1jCTNV<l1jCTNV<k1kCUNU<k1kCUNU<k1kCUNU<k1kCUNU<j1lCVNT<j1lCVNT<j1lCVNT<i1mCWNS<i1mCWNS<i1mCWNS<i1mCWNS<h1nCXNR<h1nCXNR<h1nCXNR<g1oCYNQ<g1oCYNQ<g1nCZNR<f1nCZNR<e1oC[NQ<e1oC[NQ<d1PD]No;c1QD]No;c1QD]No;b1QD_No;a1QD_No;a1QD_No;a1QD_No;`1RD`Nn;`1RD`Nn;`1RD`Nn;`1RD`Nn;`1RD`Nn;`1RD`Nn;`1RD`Nn;`1RD`Nn;`1RD`Nn;`1RD`Nn;`1RD`Nn;_1SDaNm;_1SDaNm;_1SDaNm;_1SDaNm;_1SDaNm;^1TDbNl;^1TDbNl;]1UDcNk;]1UDcNk;\\1VDdNj;[1WDeNi;Y1YDgNg;X1ZDhNf;W1[DiNe;V1\\DjNd;U1]DkNd;T1\\DlNd;S1]DmNc;S1]DmNc;R1^DoNa;Q1_DoNa;Q1_DoNa;Q1_DoNa;Q1_DoNa;P1`DPO`;P1`DPO`;o0aDQO_;m0cDSO];l0cDUO];j0dDVO\\;j0dDVO\\;i0eDWO[;i0eDWO[;i0eDWO[;i0eDWO[;i0dDYO[;h0dDXO\\;h0^D^Ob;b0^D^Ob;b0^D^Oa;c0^D^Ob;b0^D_Oa;a0^D@b;`0^D@b;`0]DAc;?]DAc;?\\DCc;=]DDb;<^DEa;;_DEa;;_DEa;;_DF`;9aDG_;9aDG_;9aDH^;8bDH_;7aDI_;7aDI_;7aDJ^;6bDJ^;6bDJ^;5cDJ^;4fDF^;8fDE\\;8lDAW;8QECT;3VEIfUY6"}, {"size": [522, 800],