{"labels": [14, 14], "scores": [0.9986068606376648, 0.0914875790476799], "bboxes": [[260.69561767578125, 82.23419189453125, 728.9290161132812, 1067.673583984375], [266.16021728515625, 163.27377319335938, 356.584228515625, 296.8550109863281]]}