{"labels": [45, 68, 58, 45, 45, 49, 45, 43, 58, 49, 45, 41, 49, 49, 49, 49, 48, 69, 69, 49, 49, 49, 49, 75, 71, 45, 50, 43, 69, 39, 43, 58, 71, 45, 45, 75, 46, 45, 45, 43, 45, 44, 60, 69, 53, 49, 49, 69, 45, 75, 45, 39, 41, 58, 45, 71, 49, 49, 41, 45, 41, 50, 45, 43, 71, 71, 45, 55, 69, 62, 45, 41, 45, 54, 45, 44, 73, 50, 49, 43, 53, 73, 51, 69, 58, 45, 49, 73, 75, 60, 60, 43], "scores": [0.9931049942970276, 0.9893744587898254, 0.9871296286582947, 0.9063183665275574, 0.8815380930900574, 0.8507441878318787, 0.8375148177146912, 0.7661647796630859, 0.7529256343841553, 0.7519444227218628, 0.7352780699729919, 0.6882181167602539, 0.6438388824462891, 0.6169645190238953, 0.6076509952545166, 0.5892201066017151, 0.5778315663337708, 0.5759096741676331, 0.5631284713745117, 0.5600440502166748, 0.5448751449584961, 0.5414696931838989, 0.5341330766677856, 0.5093423128128052, 0.5037252902984619, 0.4872499406337738, 0.48655077815055847, 0.45779168605804443, 0.4507791996002197, 0.38723182678222656, 0.37733450531959534, 0.3574007451534271, 0.34405940771102905, 0.34195753931999207, 0.316676527261734, 0.30215883255004883, 0.29287323355674744, 0.2615000605583191, 0.2532639503479004, 0.24362024664878845, 0.22677169740200043, 0.2244768887758255, 0.21445898711681366, 0.21238692104816437, 0.20594124495983124, 0.2037697732448578, 0.18861360847949982, 0.18535174429416656, 0.1820938140153885, 0.1778281331062317, 0.17224626243114471, 0.15238818526268005, 0.14107470214366913, 0.14088626205921173, 0.13239720463752747, 0.13195942342281342, 0.1280251443386078, 0.12052188068628311, 0.11376354098320007, 0.106198750436306, 0.10055563598871231, 0.0987553521990776, 0.09333489835262299, 0.09319120645523071, 0.09040720015764236, 0.08851038664579391, 0.08846914023160934, 0.08800569176673889, 0.08253031224012375, 0.08116767555475235, 0.08096489310264587, 0.07668313384056091, 0.07565932720899582, 0.07183310389518738, 0.07175714522600174, 0.07095494121313095, 0.06965801864862442, 0.06684534251689911, 0.0660027489066124, 0.06307501345872879, 0.062326084822416306, 0.06173558160662651, 0.058959249407052994, 0.05881791189312935, 0.058429036289453506, 0.05837823823094368, 0.057676251977682114, 0.05575748160481453, 0.05564071610569954, 0.054173409938812256, 0.053308986127376556, 0.05089762806892395], "bboxes": [[440.19097900390625, 314.6466064453125, 505.9285888671875, 340.2124938964844], [598.25244140625, 185.65359497070312, 748.4868774414062, 278.4649963378906], [189.3431854248047, 297.632568359375, 224.260498046875, 334.9620361328125], [147.27325439453125, 381.6749267578125, 253.0917510986328, 429.6343078613281], [417.64990234375, 297.6694030761719, 460.1594543457031, 315.55511474609375], [148.6585235595703, 349.5466613769531, 256.2208557128906, 421.3402099609375], [408.3064270019531, 315.35296630859375, 451.86383056640625, 337.0172424316406], [513.352783203125, 280.0242614746094, 521.2726440429688, 301.07989501953125], [33.95893096923828, 287.9635314941406, 168.5239715576172, 425.1286315917969], [190.313720703125, 384.9255676269531, 222.09144592285156, 410.96063232421875], [324.4493103027344, 357.3634948730469, 403.4557189941406, 382.3629455566406], [514.0385131835938, 318.2250671386719, 525.7138061523438, 329.9515075683594], [172.82696533203125, 361.9626770019531, 207.40472412109375, 392.8356628417969], [149.27078247070312, 377.038330078125, 176.6652374267578, 406.2765197753906], [606.2236938476562, 368.06829833984375, 638.6930541992188, 388.7801513671875], [162.499267578125, 387.2853698730469, 191.00563049316406, 410.9181823730469], [0.759267270565033, 387.9120178222656, 76.14570617675781, 435.8800354003906], [598.2469482421875, 284.05828857421875, 752.4116821289062, 386.5246276855469], [238.97232055664062, 352.32232666015625, 543.5753784179688, 412.0753479003906], [157.84422302246094, 379.5951843261719, 238.62667846679688, 411.8497314453125], [209.52403259277344, 370.4716796875, 250.63906860351562, 403.593017578125], [191.38868713378906, 347.4845275878906, 223.1234130859375, 375.748046875], [222.18128967285156, 353.6648864746094, 246.69967651367188, 379.2821350097656], [84.84912872314453, 356.1360778808594, 124.63679504394531, 391.6101989746094], [222.31344604492188, 322.6035461425781, 324.8925476074219, 339.70404052734375], [713.9541625976562, 383.5365905761719, 779.4739379882812, 420.5927429199219], [61.36760330200195, 385.891357421875, 135.94381713867188, 433.6864318847656], [511.6616516113281, 278.5827331542969, 518.4030151367188, 300.8478088378906], [309.1004333496094, 366.654541015625, 517.3098754882812, 408.2668762207031], [487.7605285644531, 292.3935241699219, 498.0561828613281, 317.5345153808594], [504.0663757324219, 281.05181884765625, 511.6992492675781, 298.63897705078125], [615.3107299804688, 356.01287841796875, 717.809814453125, 412.97821044921875], [219.31040954589844, 316.78973388671875, 322.83984375, 401.15887451171875], [505.9571228027344, 302.3343200683594, 522.2638549804688, 318.6693115234375], [139.78904724121094, 347.21026611328125, 260.4541015625, 435.0943908691406], [59.10380935668945, 374.2029724121094, 137.7703399658203, 435.25958251953125], [243.92446899414062, 336.7353210449219, 264.07733154296875, 388.3095397949219], [716.5447998046875, 385.08392333984375, 774.7351684570312, 396.946044921875], [723.5415649414062, 359.0793762207031, 766.3450317382812, 386.60882568359375], [516.6795654296875, 279.990478515625, 523.7001953125, 301.13458251953125], [723.601318359375, 375.98309326171875, 767.24951171875, 387.7441101074219], [503.07904052734375, 280.59771728515625, 511.85125732421875, 295.9524841308594], [3.9729537963867188, 374.6291809082031, 800.0, 470.94610595703125], [628.253173828125, 296.42681884765625, 723.5719604492188, 316.5412292480469], [0.1216650903224945, 388.7302551269531, 73.51608276367188, 435.6706237792969], [217.731201171875, 393.1357421875, 240.45277404785156, 408.55609130859375], [169.61990356445312, 359.5771484375, 237.05630493164062, 404.5120544433594], [587.4251098632812, 182.5812530517578, 755.4954223632812, 320.6579895019531], [407.3542175292969, 313.2731628417969, 460.999755859375, 318.0738220214844], [195.9796905517578, 313.90289306640625, 220.95565795898438, 334.8337707519531], [718.2653198242188, 383.1741027832031, 768.80908203125, 392.7918701171875], [497.6775817871094, 293.3175048828125, 507.170166015625, 317.44586181640625], [506.26519775390625, 302.2204284667969, 522.083251953125, 319.20001220703125], [56.48289489746094, 368.0528564453125, 140.96058654785156, 436.2466735839844], [407.6767578125, 299.5631408691406, 460.8365478515625, 336.9964599609375], [215.20040893554688, 310.7323303222656, 326.6496276855469, 342.7273254394531], [150.72958374023438, 374.33453369140625, 200.0788116455078, 410.6488952636719], [191.28648376464844, 348.1393127441406, 245.3336944580078, 380.33038330078125], [723.2427368164062, 359.2431335449219, 766.5532836914062, 387.578369140625], [412.8280029296875, 314.72528076171875, 457.2614440917969, 324.19415283203125], [778.1275024414062, 339.9644470214844, 799.7420043945312, 427.0174865722656], [618.8612670898438, 358.7008056640625, 715.3761596679688, 411.1805419921875], [513.6118774414062, 370.92926025390625, 616.288818359375, 399.4194641113281], [508.6853942871094, 290.27288818359375, 515.3401489257812, 301.36474609375], [220.59645080566406, 314.1158142089844, 298.13397216796875, 336.099853515625], [230.74752807617188, 325.4820556640625, 301.3151550292969, 335.4007568359375], [418.60552978515625, 307.6690979003906, 458.1538391113281, 315.5820617675781], [0.0, 387.4568786621094, 71.6188735961914, 435.0379638671875], [609.9470825195312, 347.099609375, 724.4185180664062, 413.13836669921875], [603.0262451171875, 189.46095275878906, 742.7587890625, 278.6658935546875], [725.9212646484375, 359.4459533691406, 765.9739379882812, 369.2294006347656], [497.10540771484375, 294.4078063964844, 507.4541931152344, 316.7036437988281], [632.0637817382812, 352.9958190917969, 718.0556640625, 372.0665283203125], [0.0, 