{"labels": [2, 2, 5, 2, 2, 2, 2, 2, 2, 2, 7, 2, 2, 2, 2, 2, 2, 2, 2, 2, 2, 2, 2, 5, 9, 0, 0, 5, 2, 7, 13, 2, 7, 2, 6, 7, 2, 0, 7, 2, 5, 2, 2, 5, 2, 7, 0, 2, 6, 6, 58, 5, 7, 0, 58, 58, 2, 5, 58, 7, 7, 7, 7, 0, 2, 6, 7, 2, 7, 7, 7, 58, 2, 0, 58, 2, 8, 7, 6, 2, 5, 2, 0, 2, 2, 0, 5, 7, 58, 0, 2, 7, 6, 6, 7, 2, 5], "scores": [0.9647870063781738, 0.9627077579498291, 0.9569917917251587, 0.9456758499145508, 0.9288811683654785, 0.9268239140510559, 0.9004433155059814, 0.8878462314605713, 0.8775880336761475, 0.8695705533027649, 0.8663632273674011, 0.8650464415550232, 0.8281586766242981, 0.803055465221405, 0.7769231796264648, 0.7578542232513428, 0.7552834153175354, 0.7067417502403259, 0.6798882484436035, 0.5814962387084961, 0.5802919268608093, 0.5797032117843628, 0.5751829743385315, 0.5381304025650024, 0.5306684970855713, 0.407667875289917, 0.3898469805717468, 0.38493725657463074, 0.3826996684074402, 0.37969860434532166, 0.3353615403175354, 0.30686497688293457, 0.2888953685760498, 0.28749361634254456, 0.28274115920066833, 0.28223109245300293, 0.27925312519073486, 0.2702098786830902, 0.2694821357727051, 0.25861895084381104, 0.2561964690685272, 0.24538759887218475, 0.23128819465637207, 0.1867976188659668, 0.18307456374168396, 0.17814458906650543, 0.16361036896705627, 0.16315720975399017, 0.15124502778053284, 0.1473785787820816, 0.1354989856481552, 0.13469138741493225, 0.13240385055541992, 0.13132067024707794, 0.12841269373893738, 0.12051545083522797, 0.12029734998941422, 0.11827917397022247, 0.11762793362140656, 0.11583790183067322, 0.11198162287473679, 0.11139604449272156, 0.11020831763744354, 0.10575444996356964, 0.10101335495710373, 0.10022510588169098, 0.09942670911550522, 0.09696852415800095, 0.09648898243904114, 0.09196112304925919, 0.08748441189527512, 0.0857858657836914, 0.08473347127437592, 0.08140012621879578, 0.08033933490514755, 0.08019178360700607, 0.07994990795850754, 0.07044847309589386, 0.06837169826030731, 0.06705836206674576, 0.0660155713558197, 0.0629405528306961, 0.0622655414044857, 0.06178535893559456, 0.06062716245651245, 0.059638749808073044, 0.056553516536951065, 0.05555746331810951, 0.05487480387091637, 0.053990352898836136, 0.052526310086250305, 0.05237099900841713, 0.05194138363003731, 0.0510038360953331, 0.05082526057958603, 0.05065135285258293, 0.05030003562569618], "bboxes": [[653.4043579101562, 207.81951904296875, 672.599853515625, 224.59671020507812], [414.1363220214844, 437.0952453613281, 479.8598937988281, 488.92913818359375], [117.27272033691406, 290.75634765625, 338.0135192871094, 390.82427978515625], [767.985107421875, 303.268798828125, 804.3888549804688, 337.7893371582031], [646.5287475585938, 232.5080108642578, 668.3675537109375, 257.41424560546875], [561.7835693359375, 225.351806640625, 584.02392578125, 247.0249481201172], [502.5069580078125, 323.39764404296875, 542.157958984375, 358.1326599121094], [783.6283569335938, 258.1798095703125, 806.7369995117188, 285.5340270996094], [580.9524536132812, 204.2820281982422, 597.7036743164062, 221.53079223632812], [688.1367797851562, 223.8633270263672, 710.5419311523438, 246.62811279296875], [100.04020690917969, 542.2571411132812, 232.4750518798828, 629.4465942382812], [606.2202758789062, 423.91241455078125, 652.9880981445312, 473.4410705566406], [534.6634521484375, 271.6321716308594, 561.4854736328125, 296.71258544921875], [494.9966125488281, 242.49717712402344, 517.0511474609375, 259.1056823730469], [832.9434814453125, 482.8777160644531, 917.1771850585938, 565.3173217773438], [693.14599609375, 410.9822692871094, 738.31396484375, 457.53277587890625], [328.1089782714844, 389.2119140625, 401.2037048339844, 448.9155578613281], [469.5548095703125, 233.8301239013672, 491.5337219238281, 249.16014099121094], [494.7266845703125, 236.6584014892578, 531.6648559570312, 256.28289794921875], [512.2144775390625, 236.11465454101562, 531.8710327148438, 252.6158447265625], [471.3149108886719, 230.7266082763672, 505.1882629394531, 249.51284790039062], [440.98504638671875, 227.99090576171875, 470.0371398925781, 241.2720184326172], [473.9414367675781, 229.41488647460938, 528.99560546875, 251.81883239746094], [535.69140625, 164.37973022460938, 585.8683471679688, 187.138427734375], [190.68328857421875, 434.5879211425781, 205.0163116455078, 460.2279357910156], [1027.1796875, 281.4687194824219, 1045.79736328125, 319.6563415527344], [1018.5611572265625, 279.1782531738281, 1034.499267578125, 306.6381530761719], [467.2792053222656, 183.88702392578125, 595.2216186523438, 256.826904296875], [901.1972045898438, 214.6749725341797, 939.1610107421875, 228.68582153320312], [328.21807861328125, 389.14544677734375, 403.9908447265625, 450.84454345703125], [1238.152587890625, 393.3083190917969, 1339.8306884765625, 430.42742919921875], [622.4031982421875, 167.66690063476562, 647.0968017578125, 185.12583923339844], [834.5949096679688, 485.2429504394531, 919.8829345703125, 567.8871459960938], [587.8731079101562, 191.6240234375, 608.8868408203125, 207.9147491455078], [718.3338623046875, 179.85435485839844, 822.1400146484375, 291.1656799316406], [535.6442260742188, 163.5282440185547, 589.5769653320312, 190.22357177734375], [484.63104248046875, 225.8583984375, 511.0921630859375, 238.22976684570312], [1016.3627319335938, 282.9872131347656, 1032.0943603515625, 319.343505859375], [607.7213134765625, 422.489501953125, 653.4446411132812, 474.44287109375], [103.68204498291016, 536.4542236328125, 229.36244201660156, 624.5677490234375], [51.5938606262207, 175.5968780517578, 355.3580322265625, 393.280517578125], [753.6781005859375, 195.26107788085938, 774.0831909179688, 218.57882690429688], [477.76068115234375, 227.14662170410156, 514.5446166992188, 245.78135681152344], [686.4963989257812, 224.3644561767578, 710.302978515625, 253.27427673339844], [890.5853881835938, 210.52085876464844, 934.7718505859375, 227.31752014160156], [535.7271118164062, 163.5865020751953, 607.5416259765625, 206.05357360839844], [1035.2574462890625, 308.6278381347656, 1049.927978515625, 332.76788330078125], [433.4311218261719, 357.5558776855469, 454.9220886230469, 376.04315185546875], [746.4866943359375, 177.56021118164062, 809.4070434570312, 269.841796875], [753.1697387695312, 193.8917999267578, 774.0513916015625, 219.24705505371094], [1251.9085693359375, 611.6177978515625, 1287.5113525390625, 630.1702880859375], [518.7078857421875, 184.8519287109375, 585.4915161132812, 271.55755615234375], [467.8369140625, 183.18246459960938, 595.3072509765625, 258.592041015625], [1021.0941162109375, 281.77349853515625, 1041.4722900390625, 311.3784484863281], [1197.6458740234375, 608.08203125, 1317.2022705078125, 689.2893676757812], [791.1778564453125, 637.7942504882812, 1378.336181640625, 784.4735717773438], [397.5271301269531, 259.8507995605469, 424.5440368652344, 277.2983093261719], [691.6290283203125, 408.9118347167969, 738.4230346679688, 458.5274963378906], [720.7709350585938, 682.718994140625, 1065.501708984375, 785.8016357421875], [692.106689453125, 408.58660888671875, 738.8795166015625, 458.0033874511719], [783.42724609375, 259.22406005859375, 806.9046630859375, 285.18060302734375], [503.0352783203125, 323.841552734375, 542.9420166015625, 358.8111572265625], [686.9703369140625, 223.8269500732422, 709.4722290039062, 249.45350646972656], [1026.96142578125, 280.0218505859375, 1044.2691650390625, 301.3326110839844], [645.8392944335938, 170.93597412109375, 678.604248046875, 182.41162109375], [728.616455078125, 173.41099548339844, 785.1402587890625, 282.256103515625], [528.5789184570312, 170.3201446533203, 595.9309692382812, 233.83741760253906], [558.4274291992188, 381.2899475097656, 573.2833251953125, 403.29840087890625], [646.4194946289062, 233.01199340820312, 667.9937133789062, 257.67083740234375], [414.54833984375, 437.18829345703125, 478.8732604980469, 492.3984375], [569.8373413085938, 181.2032012939453, 608.698974609375, 207.3762664794922], [1095.636962890625, 597.7595825195312, 1400.0, 779.7288208007812], [535.4379272460938, 164.9328155517578, 593.707275390625, 