{"labels": [14, 14, 14], "scores": [0.9981600642204285, 0.10687756538391113, 0.09041059017181396], "bboxes": [[255.50152587890625, 93.6522216796875, 724.5985717773438, 1068.730224609375], [415.52838134765625, 659.2305297851562, 677.5079956054688, 1047.168701171875], [268.08526611328125, 157.47528076171875, 354.94952392578125, 293.7848815917969]], "masks": [{"size": [1092, 800], "counts": "R_U9V1jP17J5K5K5L4L2M4M3L3L5K4M4L3N3M2N3M2O2N1N3N1O1O1O1O1O1N2O1N2N2M3N1O2N2N2N2O1O1O1O1O010O1O100O1O100O10O01O100O1O100O2N1O2M2O2N2M3N1N3M3M3N2N2M3N3M2O2M3N3M4K4M4L5J6K6Ji0PVOlJ]e0^9@>B5K4K4M2N3M2N2N3M4K5L5K8H9G8H9G4L3M2N2N2N1N3N1O2N2N2N3M3M3M5K5K4L4L3M3M2N2N2N2N2N2N2N4L3M3M3M3M3M3M3M3M3M2N3M2N2N2N2O2M2N3M3M3M4L3M5K3M2N2N2N2N1O1O101N1O2N1O2N2N2N2O1N3M3M3M2N2O1N1O2O1N101N3M2O1N3N2N2M6K3L4M3M2M2O10O01O001O001O001O00001O0O10O10O01O001O010O00001O001O001O00001O001O010O00100O1O00100O1O100O1O2N100O2N2O0O2N1O100O1O100O1O1O10O01O10O0100O0100000O10O100001O01O00010O010000O10O01O01O00000000000000000O100001O0100O1001O01000O00000O01O001O001O001N2O2N1O2N2O1N1O2N010O10O1O10000O0101O0O2N3N2M3M2N3M1O2N1N200O1O2O1O1O1O2O00001N1O1N3N1N2N2N1O0O2O001N101O001O001O001O1O010O0100N2N2N1O2O1N1O1O2O0O1O1O100O001O1N2M4K5K4K7I6J7kL\\D__Om;e?gEY_Ob:Z`0l3D;F:G9I6J7I6L4K6J6I7dM\\2I8H8G>Aa0^Oa0A?B9H8H8H7J5L4K6K4K6I8H8G=B`0_Ob0]Ol0iN\\1bNW1cNg\\n2"}, {"size": [1092, 800], "counts": "bTZ><hQ12O2N6I2O1N3M3M4L3N0O101O1N3N2N2M3PSOlNkh0W1nVOROlh0Q1oVOTOlh0o0QWOPOQi0S1kVOmNUi0W1fVOjNZi0[1aVOfN]i0`1^VOaNai0d1[VO\\Nei0g1XVOYNhi0i1UVOYNki0i1RVOXNni0i1PVOVNRj0k1lUOUNUj0m1iUORNXj0P2dUOQN]j0R2_UOnMbj0U2YUOlMhj0W2TUOiMmj0Z2oTOgMQk0\\2kTOdMVk0^2gTObMYk0a2cTO`M^k0b2_TO^Mbk0d2ZTO\\Mhk0f2TTO[Mmk0g2lSO\\MVl0g2^SOaMcl0o31O0100000001O00000000001O1O1N2O1O2N1O1O1O1O1O001O1O1O1O1O1O1OO100O001O1O1lN]TOeKek0Z4bTO_K_k0_4gTO[K[k0d4S1000000O1000000O11O001O1O1O1O1O1O1O1O100O1O1O1O1O001O1O1O1O2N2N2N3M1O2N2N1O2N101N2N1O1O2N1O1O2N2N2M3N2N2N3M2N1O1O1O2N1O2N1O2N2N2N1O1O2N2N2N2N3M1O2N1O1O1O2N1O2N2N2N2N1O2M2O2N2N3M2N3M2N2N1O2N3M3M3M4L4L3M3M3M2N2N3M3M3M4L3M3M2N3M2N2N3M3M4L3M3M2N2N2O1N3M3M3N2M3M2O0O001O0010O0001O000001O00005K9G1O1O1O000000OnG^YOd4bf0TKmYO2FU1\\f0cN[ZONMn0ie0PO`ZON?<Pe0DfZOKg07bd0NjZOGj07[d02mZOEl05]d0MmZOJk06_d0CoZO2j03^h0ERXOLVh0KZXO[ObSS4"}, {"size": [1092, 800], "counts": "hRo8<dQ1<B<H6I5J7J5L4K5K6K4M3M3M2N2N3M2M4L3N3L3K5J7J4L5M2O00[OXROPMgm0o2_ROkLcm0T3g0O0100001O011O001O0O101O001O1N3M3M2N3N1N3M3M2N1O2O0O1O2O0O1O2N1O1O2O0O2N2N2N1O1O1O1O1N2O1O1O1O2M3M9hNmgP?"}]}