{"base_lr": 2.021981981981982e-06, "lr": 2.021981981981982e-06, "data_time": 20.952805399894714, "loss": 1.2491858303546906, "loss_cls": 0.2801157534122467, "loss_bbox": 0.9690701067447662, "time": 53.28660702705383, "epoch": 1, "iter": 2, "memory": 10070, "step": 2}
{"base_lr": 6.025945945945945e-06, "lr": 6.025945945945945e-06, "data_time": 11.020335972309113, "loss": 1.3792156726121902, "loss_cls": 0.28133104741573334, "loss_bbox": 1.097884640097618, "time": 41.0191313624382, "epoch": 2, "iter": 4, "memory": 10073, "step": 4}
{"base_lr": 1.0029909909909907e-05, "lr": 1.0029909909909907e-05, "data_time": 7.6654941240946455, "loss": 1.4638151625792186, "loss_cls": 0.2693309436241786, "loss_bbox": 1.1944842239220936, "time": 36.74420201778412, "epoch": 3, "iter": 6, "memory": 10071, "step": 6}
{"base_lr": 1.403387387387387e-05, "lr": 1.403387387387387e-05, "data_time": 6.044968485832214, "loss": 1.583316795527935, "loss_cls": 0.2746274657547474, "loss_bbox": 1.3086893483996391, "time": 34.52822756767273, "epoch": 4, "iter": 8, "memory": 10070, "step": 8}
{"base_lr": 1.8037837837837835e-05, "lr": 1.8037837837837835e-05, "data_time": 5.036038637161255, "loss": 1.6388016879558562, "loss_cls": 0.3084618657827377, "loss_bbox": 1.3303398311138153, "time": 33.2185254573822, "epoch": 5, "iter": 10, "memory": 10070, "step": 10}
{"base_lr": 2.20418018018018e-05, "lr": 2.20418018018018e-05, "data_time": 4.351136366526286, "loss": 1.6081620901823044, "loss_cls": 0.3038894136746724, "loss_bbox": 1.3042726814746857, "time": 32.27829839785894, "epoch": 6, "iter": 12, "memory": 10070, "step": 12}
{"base_lr": 2.604576576576576e-05, "lr": 2.604576576576576e-05, "data_time": 3.8597078153065274, "loss": 1.6313031784125738, "loss_cls": 0.29660679187093464, "loss_bbox": 1.3346963950565882, "time": 31.623826350484574, "epoch": 7, "iter": 14, "memory": 10070, "step": 14}
{"base_lr": 3.0049729729729727e-05, "lr": 3.0049729729729727e-05, "data_time": 3.4934697449207306, "loss": 1.6937201358377934, "loss_cls": 0.28940789215266705, "loss_bbox": 1.404312252998352, "time": 31.578834533691406, "epoch": 8, "iter": 16, "memory": 10070, "step": 16}
{"base_lr": 3.405369369369369e-05, "lr": 3.405369369369369e-05, "data_time": 3.202591644393073, "loss": 1.7313151127762265, "loss_cls": 0.276463867061668, "loss_bbox": 1.4548512564765081, "time": 31.153258707788254, "epoch": 9, "iter": 18, "memory": 10070, "step": 18}
{"base_lr": 3.805765765765765e-05, "lr": 3.805765765765765e-05, "data_time": 2.978727900981903, "loss": 1.7641947537660598, "loss_cls": 0.276726745814085, "loss_bbox": 1.4874680161476135, "time": 30.83888621330261, "epoch": 10, "iter": 20, "memory": 10070, "step": 20}
{"coco/bbox_mAP": 0.0, "coco/bbox_mAP_50": 0.0, "coco/bbox_mAP_75": 0.0, "coco/bbox_mAP_s": 0.0, "coco/bbox_mAP_m": 0.0, "coco/bbox_mAP_l": 0.0, "data_time": 4.60478949546814, "time": 6.56304669380188, "step": 10}
{"base_lr": 4.206162162162162e-05, "lr": 4.206162162162162e-05, "data_time": 2.828485228798606, "loss": 1.7812338769435883, "loss_cls": 0.2732617577368563, "loss_bbox": 1.5079721266573125, "time": 30.670466769825328, "epoch": 11, "iter": 22, "memory": 10070, "step": 22}
{"base_lr": 4.606558558558558e-05, "lr": 4.606558558558558e-05, "data_time": 2.682437777519226, "loss": 1.7990335846940677, "loss_cls": 0.2659939583390951, "loss_bbox": 1.533039629459381, "time": 30.497097373008728, "epoch": 12, "iter": 24, "memory": 10070, "step": 24}
{"base_lr": 5.006954954954954e-05, "lr": 5.006954954954954e-05, "data_time": 2.5594084904744077, "loss": 1.813527490083988, "loss_cls": 0.26533821855600065, "loss_bbox": 1.5481892778323247, "time": 30.34808428470905, "epoch": 13, "iter": 26, "memory": 10070, "step": 26}
{"base_lr": 5.407351351351351e-05, "lr": 5.407351351351351e-05, "data_time": 2.4466859698295593, "loss": 1.8248281883341926, "loss_cls": 0.2844748023365225, "loss_bbox": 1.540353387594223, "time": 30.199601692812784, "epoch": 14, "iter": 28, "memory": 10070, "step": 28}
{"base_lr": 5.807747747747747e-05, "lr": 5.807747747747747e-05, "data_time": 2.351083032290141, "loss": 1.8274846971035004, "loss_cls": 0.298270874718825, "loss_bbox": 1.52921382188797, "time": 30.082291428248087, "epoch": 15, "iter": 30, "memory": 10070, "step": 30}
{"base_lr": 6.208144144144143e-05, "lr": 6.208144144144143e-05, "data_time": 2.2708785831928253, "loss": 1.8336093667894602, "loss_cls": 0.3097612257115543, "loss_bbox": 1.5238481424748898, "time": 29.991995230317116, "epoch": 16, "iter": 32, "memory": 10070, "step": 32}
{"base_lr": 6.60854054054054e-05, "lr": 6.60854054054054e-05, "data_time": 2.198469968403087, "loss": 1.8327713626272537, "loss_cls": 0.3111528337878339, "loss_bbox": 1.521618531030767, "time": 29.868850231170654, "epoch": 17, "iter": 34, "memory": 10070, "step": 34}
{"base_lr": 7.008936936936937e-05, "lr": 7.008936936936937e-05, "data_time": 2.1263910796907215, "loss": 1.8325490438275867, "loss_cls": 0.3161374872757329, "loss_bbox": 1.5164115594493017, "time": 29.746368805567425, "epoch": 18, "iter": 36, "memory": 10070, "step": 36}
{"base_lr": 7.409333333333334e-05, "lr": 7.409333333333334e-05, "data_time": 2.0622005399904753, "loss": 1.8289485275745392, "loss_cls": 0.32175120515258687, "loss_bbox": 1.5071973235983598, "time": 29.657676677954825, "epoch": 19, "iter": 38, "memory": 10070, "step": 38}
{"base_lr": 7.809729729729732e-05, "lr": 7.809729729729732e-05, "data_time": 2.013761764764786, "loss": 1.8276412650942802, "loss_cls": 0.3284722242504358, "loss_bbox": 1.4991690397262574, "time": 29.576880931854248, "epoch": 20, "iter": 40, "memory": 10070, "step": 40}
{"coco/bbox_mAP": 0.0, "coco/bbox_mAP_50": 0.001, "coco/bbox_mAP_75": 0.0, "coco/bbox_mAP_s": 0.0, "coco/bbox_mAP_m": 0.009, "coco/bbox_mAP_l": 0.0, "data_time": 0.04362809658050537, "time": 1.8071252703666687, "step": 20}
{"base_lr": 8.210126126126127e-05, "lr": 8.210126126126127e-05, "data_time": 1.9644717772801716, "loss": 1.8203750891344888, "loss_cls": 0.3322944701427505, "loss_bbox": 1.488080615089053, "time": 29.50157621928624, "epoch": 21, "iter": 42, "memory": 10070, "step": 42}
{"base_lr": 8.610522522522523e-05, "lr": 8.610522522522523e-05, "data_time": 1.9208164377646013, "loss": 1.8205426403067329, "loss_cls": 0.33948401056907396, "loss_bbox": 1.4810586246577175, "time": 29.457535451108757, "epoch": 22, "iter": 44, "memory": 10070, "step": 44}
{"base_lr": 9.010918918918919e-05, "lr": 9.010918918918919e-05, "data_time": 1.8808995018834653, "loss": 1.8229131348755048, "loss_cls": 0.3502676684571349, "loss_bbox": 1.4726454589677893, "time": 29.411993918211564, "epoch": 23, "iter": 46, "memory": 10070, "step": 46}
{"base_lr": 9.411315315315315e-05, "lr": 9.411315315315315e-05, "data_time": 1.8452369421720505, "loss": 1.818110844741265, "loss_cls": 0.3524194952721397, "loss_bbox": 1.4656913429498672, "time": 29.365620026985805, "epoch": 24, "iter": 48, "memory": 10070, "step": 48}
{"base_lr": 9.811711711711711e-05, "lr": 9.811711711711711e-05, "data_time": 1.812370171546936, "loss": 1.8089732372760772, "loss_cls": 0.35235509544610977, "loss_bbox": 1.4566181349754332, "time": 29.326011080741882, "epoch": 25, "iter": 50, "memory": 10070, "step": 50}
{"base_lr": 0.00010212108108108105, "lr": 0.00010212108108108105, "data_time": 1.0102742624282837, "loss": 1.8227915930747987, "loss_cls": 0.35819671422243116, "loss_bbox": 1.4645948708057404, "time": 28.317193145751954, "epoch": 26, "iter": 52, "memory": 10070, "step": 52}
{"base_lr": 0.00010612504504504501, "lr": 0.00010612504504504501, "data_time": 1.0022120523452758, "loss": 1.8443815279006959, "loss_cls": 0.38004639953374864, "loss_bbox": 1.4643351185321807, "time": 28.287619495391844, "epoch": 27, "iter": 54, "memory": 10070, "step": 54}
{"base_lr": 0.00011012900900900898, "lr": 0.00011012900900900898, "data_time": 1.0044142532348632, "loss": 1.848904287815094, "loss_cls": 0.3920888164639473, "loss_bbox": 1.4568154633045196, "time": 28.303730812072754, "epoch": 28, "iter": 56,