{"base_lr": 0.00012214090090090086, "lr": 0.00012214090090090086, "data_time": 2.04875648021698, "loss": 1.8190910935401916, "loss_cls": 0.39588679939508437, "loss_bbox": 1.4232042956352233, "time": 29.277783002853393, "epoch": 31, "iter": 62, "memory": 10171, "step": 62}
{"base_lr": 0.0001261448648648648, "lr": 0.0001261448648648648, "data_time": 2.050462870597839, "loss": 1.8107994031906127, "loss_cls": 0.4038984414935112, "loss_bbox": 1.4069009613990784, "time": 29.295935249328615, "epoch": 32, "iter": 64, "memory": 10171, "step": 64}
{"base_lr": 0.00013014882882882877, "lr": 0.00013014882882882877, "data_time": 2.050471453666687, "loss": 1.7897482538223266, "loss_cls": 0.412503664791584, "loss_bbox": 1.3772445869445802, "time": 29.169775624275207, "epoch": 33, "iter": 66, "memory": 10171, "step": 66}
{"base_lr": 0.00013415279279279274, "lr": 0.00013415279279279274, "data_time": 2.057899179458618, "loss": 1.7701371502876282, "loss_cls": 0.4237105166912079, "loss_bbox": 1.3464266300201415, "time": 29.183754868507386, "epoch": 34, "iter": 68, "memory": 10171, "step": 68}
{"base_lr": 0.00013815675675675672, "lr": 0.00013815675675675672, "data_time": 2.057784705162048, "loss": 1.7508153057098388, "loss_cls": 0.43240143954753874, "loss_bbox": 1.3184138631820679, "time": 29.185627617835998, "epoch": 35, "iter": 70, "memory": 10171, "step": 70}
{"base_lr": 0.00014216072072072066, "lr": 0.00014216072072072066, "data_time": 2.04357590675354, "loss": 1.7338618278503417, "loss_cls": 0.4419316381216049, "loss_bbox": 1.2919301867485047, "time": 29.145119934082032, "epoch": 36, "iter": 72, "memory": 10171, "step": 72}
{"base_lr": 0.0001461646846846846, "lr": 0.0001461646846846846, "data_time": 2.0388727045059203, "loss": 1.713917579650879, "loss_cls": 0.4515473049879074, "loss_bbox": 1.2623702716827392, "time": 29.129318017959594, "epoch": 37, "iter": 74, "memory": 10171, "step": 74}
{"base_lr": 0.00015016864864864855, "lr": 0.00015016864864864855, "data_time": 2.034186534881592, "loss": 1.6933277606964112, "loss_cls": 0.45830889761447907, "loss_bbox": 1.2350188565254212, "time": 29.10139057636261, "epoch": 38, "iter": 76, "memory": 10171, "step": 76}
{"base_lr": 0.00015417261261261252, "lr": 0.00015417261261261252, "data_time": 2.031567068099976, "loss": 1.675837335586548, "loss_cls": 0.45547229766845704, "loss_bbox": 1.220365035533905, "time": 29.09276376247406, "epoch": 39, "iter": 78, "memory": 10171, "step": 78}
{"base_lr": 0.0001581765765765765, "lr": 0.0001581765765765765, "data_time": 2.0377077674865722, "loss": 1.6577987933158875, "loss_cls": 0.4524260640144348, "loss_bbox": 1.2053727281093598, "time": 29.080874118804932, "epoch": 40, "iter": 80, "memory": 10171, "step": 80}
